timestamp,conn_id,data_size,offset,throughput
2026-09-03T01:00:42.1472911Z,conn2,34000,34000,2.05
2026-09-03T01:00:42.1724095Z,conn2,34000,102000,1.29
2026-09-03T01:00:42.1865396Z,conn2,34000,170000,2.29
2026-09-03T01:00:42.191221Z,conn1,34000,0,1.03
2026-09-03T01:00:42.2018523Z,conn2,34000,238000,2.12
2026-09-03T01:00:42.2093407Z,conn2,34000,306000,4.33
2026-09-03T01:00:42.2164997Z,conn2,34000,374000,4.53
2026-09-03T01:00:42.2227764Z,conn2,34000,442000,5.17
2026-09-03T01:00:42.2306773Z,conn2,34000,510000,4.10
2026-09-03T01:00:42.2381278Z,conn2,34000,578000,4.35
2026-09-03T01:00:42.2450746Z,conn2,34000,646000,4.67
2026-09-03T01:00:42.251249Z,conn2,34000,714000,5.25
2026-09-03T01:00:42.2520394Z,conn1,34000,68000,0.53
2026-09-03T01:00:42.2610744Z,conn2,34000,782000,3.30
2026-09-03T01:00:42.2684672Z,conn2,34000,850000,4.39
2026-09-03T01:00:42.2764106Z,conn2,34000,918000,4.08
2026-09-03T01:00:42.2830615Z,conn2,34000,986000,4.88
2026-09-03T01:00:42.2917134Z,conn2,34000,1054000,3.75
2026-09-03T01:00:42.2968205Z,conn2,34000,1122000,6.35
2026-09-03T01:00:42.3044014Z,conn2,34000,1190000,4.28
2026-09-03T01:00:42.3073333Z,conn1,34000,136000,0.59
2026-09-03T01:00:42.3104958Z,conn2,34000,1258000,5.86
2026-09-03T01:00:42.316807Z,conn2,34000,1326000,5.14
2026-09-03T01:00:42.3237359Z,conn2,34000,1394000,4.68
2026-09-03T01:00:42.3284417Z,conn2,34000,1462000,6.89
2026-09-03T01:00:42.33588Z,conn2,34000,1530000,4.36
2026-09-03T01:00:42.344007Z,conn2,34000,1598000,3.99
2026-09-03T01:00:42.3456058Z,conn1,34000,204000,0.85
2026-09-03T01:00:42.3538057Z,conn2,34000,1666000,3.31
2026-09-03T01:00:42.3613717Z,conn2,34000,1734000,4.29
2026-09-03T01:00:42.3637666Z,conn1,34000,272000,1.79
2026-09-03T01:00:42.3707488Z,conn2,34000,1802000,3.46
2026-09-03T01:00:42.3775362Z,conn2,34000,1870000,4.78
2026-09-03T01:00:42.3852903Z,conn2,34000,1938000,4.18
2026-09-03T01:00:42.392595Z,conn1,34000,340000,1.12
2026-09-03T01:00:42.3936721Z,conn2,34000,2006000,3.87
2026-09-03T01:00:42.3998549Z,conn2,34000,2074000,5.24
2026-09-03T01:00:42.4087172Z,conn2,34000,2142000,3.66
2026-09-03T01:00:42.4167538Z,conn2,34000,2210000,4.03
2026-09-03T01:00:42.4250356Z,conn2,34000,2278000,3.92
2026-09-03T01:00:42.4260917Z,conn1,34000,408000,0.97
2026-09-03T01:00:42.4355402Z,conn2,34000,2346000,3.09
2026-09-03T01:00:42.4443852Z,conn2,34000,2414000,3.67
2026-09-03T01:00:42.4511073Z,conn1,34000,476000,1.33
2026-09-03T01:00:42.4575711Z,conn2,34000,2482000,2.46
2026-09-03T01:00:42.4643762Z,conn2,34000,2550000,4.76
2026-09-03T01:00:42.4758903Z,conn2,34000,2618000,2.82
2026-09-03T01:00:42.4793376Z,conn1,34000,544000,1.15
2026-09-03T01:00:42.4869183Z,conn2,34000,2686000,2.94
2026-09-03T01:00:42.4989838Z,conn2,34000,2754000,2.69
2026-09-03T01:00:42.5036093Z,conn1,34000,612000,1.34
2026-09-03T01:00:42.5103381Z,conn2,34000,2822000,2.86
2026-09-03T01:00:42.5221317Z,conn2,34000,2890000,2.75
2026-09-03T01:00:42.5258407Z,conn1,34000,680000,1.46
2026-09-03T01:00:42.534191Z,conn2,34000,2958000,2.69
2026-09-03T01:00:42.540724Z,conn2,34000,3026000,4.96
2026-09-03T01:00:42.55145Z,conn2,34000,3094000,3.02
2026-09-03T01:00:42.5587245Z,conn2,34000,3162000,4.46
2026-09-03T01:00:42.5607107Z,conn1,34000,748000,0.93
2026-09-03T01:00:42.566033Z,conn2,34000,3230000,4.44
2026-09-03T01:00:42.5764504Z,conn2,34000,3298000,3.11
2026-09-03T01:00:42.5814979Z,conn1,34000,816000,1.56
2026-09-03T01:00:42.585708Z,conn2,34000,3366000,3.74
2026-09-03T01:00:42.5929924Z,conn2,34000,3434000,4.45
2026-09-03T01:00:42.5985629Z,conn1,34000,884000,1.90
2026-09-03T01:00:42.5997423Z,conn2,34000,3502000,4.80
2026-09-03T01:00:42.6093285Z,conn2,34000,3570000,3.38
2026-09-03T01:00:42.6164671Z,conn2,34000,3638000,4.92
2026-09-03T01:00:42.6181486Z,conn1,34000,952000,1.66
2026-09-03T01:00:42.6268845Z,conn2,34000,3706000,3.11
2026-09-03T01:00:42.6341834Z,conn2,34000,3774000,4.44
2026-09-03T01:00:42.6387032Z,conn1,34000,1020000,1.58
2026-09-03T01:00:42.6441719Z,conn2,34000,3842000,3.25
2026-09-03T01:00:42.6526149Z,conn2,34000,3910000,4.10
2026-09-03T01:00:42.6609437Z,conn2,34000,3978000,3.89
2026-09-03T01:00:42.6636398Z,conn1,34000,1088000,1.30
2026-09-03T01:00:42.6698773Z,conn2,34000,4046000,3.86
2026-09-03T01:00:42.679203Z,conn2,34000,4114000,3.48
2026-09-03T01:00:42.6879601Z,conn1,34000,1156000,1.33
2026-09-03T01:00:42.6956657Z,conn2,34000,4182000,1.97
2026-09-03T01:00:42.7038664Z,conn2,34000,4250000,3.95
2026-09-03T01:00:42.7114116Z,conn2,34000,4318000,4.30
2026-09-03T01:00:42.7186441Z,conn2,34000,4386000,4.48
2026-09-03T01:00:42.7267881Z,conn2,34000,4454000,3.98
2026-09-03T01:00:42.7335718Z,conn2,34000,4522000,4.78
2026-09-03T01:00:42.7354635Z,conn1,34000,1224000,0.68
2026-09-03T01:00:42.7463988Z,conn2,34000,4590000,2.53
2026-09-03T01:00:42.7553618Z,conn2,34000,4658000,3.62
2026-09-03T01:00:42.7649624Z,conn1,34000,1292000,1.10
2026-09-03T01:00:42.7663638Z,conn2,34000,4726000,2.95
2026-09-03T01:00:42.7783298Z,conn2,34000,4794000,2.71
2026-09-03T01:00:42.7885907Z,conn2,34000,4862000,3.16
2026-09-03T01:00:42.7987497Z,conn2,34000,4930000,3.19
2026-09-03T01:00:42.8092205Z,conn2,34000,4998000,3.10
2026-09-03T01:00:42.8188659Z,conn2,34000,5066000,3.36
2026-09-03T01:00:42.8257363Z,conn1,34000,1360000,0.53
2026-09-03T01:00:42.8292799Z,conn2,34000,5134000,3.11
2026-09-03T01:00:42.8387834Z,conn2,34000,5202000,3.41
2026-09-03T01:00:42.8499835Z,conn2,34000,5270000,2.90
2026-09-03T01:00:42.8565451Z,conn1,34000,1428000,1.05
2026-09-03T01:00:42.8625537Z,conn2,34000,5338000,2.58
2026-09-03T01:00:42.8743163Z,conn2,34000,5406000,2.76
2026-09-03T01:00:42.8753844Z,conn1,34000,1496000,1.72
2026-09-03T01:00:42.8833107Z,conn2,34000,5474000,3.84
2026-09-03T01:00:42.8894141Z,conn1,34000,1564000,2.31
2026-09-03T01:00:42.895991Z,conn2,34000,5542000,2.56
2026-09-03T01:00:42.9041339Z,conn1,34000,1632000,2.20
2026-09-03T01:00:42.9072498Z,conn2,34000,5610000,2.88
2026-09-03T01:00:42.9158321Z,conn2,34000,5678000,3.78
2026-09-03T01:00:42.9229932Z,conn2,34000,5746000,4.53
2026-09-03T01:00:42.9304163Z,conn2,34000,5814000,4.37
2026-09-03T01:00:42.9366472Z,conn1,34000,1700000,1.00
2026-09-03T01:00:42.9383065Z,conn2,34000,5882000,4.11
2026-09-03T01:00:42.9464001Z,conn2,34000,5950000,4.01
2026-09-03T01:00:42.954178Z,conn2,34000,6018000,4.17
2026-09-03T01:00:42.9633574Z,conn2,34000,6086000,3.53
2026-09-03T01:00:42.9734164Z,conn2,34000,6154000,3.22
2026-09-03T01:00:42.9761646Z,conn1,34000,1768000,0.82
2026-09-03T01:00:42.981465Z,conn2,34000,6222000,4.03
2026-09-03T01:00:42.9946698Z,conn2,34000,6290000,2.46
2026-09-03T01:00:42.9964807Z,conn1,34000,1836000,1.60
2026-09-03T01:00:43.0063002Z,conn2,34000,6358000,2.79
2026-09-03T01:00:43.0153298Z,conn2,34000,6426000,3.59
2026-09-03T01:00:43.017075Z,conn1,34000,1904000,1.57
2026-09-03T01:00:43.024128Z,conn2,34000,6494000,3.69
2026-09-03T01:00:43.0314532Z,conn2,34000,6562000,4.43
2026-09-03T01:00:43.0407057Z,conn2,34000,6630000,3.50
2026-09-03T01:00:43.0412529Z,conn1,34000,1972000,1.34
2026-09-03T01:00:43.049318Z,conn2,34000,6698000,3.76
2026-09-03T01:00:43.059526Z,conn2,34000,6766000,3.18
2026-09-03T01:00:43.0647044Z,conn1,34000,2040000,1.38
2026-09-03T01:00:43.0672723Z,conn2,34000,6834000,4.19
2026-09-03T01:00:43.0740612Z,conn2,34000,6902000,4.78
2026-09-03T01:00:43.0812366Z,conn2,34000,6970000,4.90
2026-09-03T01:00:43.0835087Z,conn1,34000,2108000,1.72
2026-09-03T01:00:43.0890188Z,conn2,34000,7038000,4.48
2026-09-03T01:00:43.094897Z,conn2,34000,7106000,5.52
2026-09-03T01:00:43.1013046Z,conn2,34000,7174000,5.06
2026-09-03T01:00:43.1074693Z,conn2,34000,7242000,5.26
2026-09-03T01:00:43.1092522Z,conn1,34000,2176000,1.26
2026-09-03T01:00:43.1152059Z,conn2,34000,7310000,4.19
2026-09-03T01:00:43.1211141Z,conn2,34000,7378000,5.49
2026-09-03T01:00:43.1216356Z,conn1,34000,2244000,2.62
2026-09-03T01:00:43.1301775Z,conn2,34000,7446000,3.58
2026-09-03T01:00:43.1371872Z,conn2,34000,7514000,5.01
2026-09-03T01:00:43.1377359Z,conn1,34000,2312000,2.01
2026-09-03T01:00:43.1435116Z,conn2,34000,7582000,5.13
2026-09-03T01:00:43.1518939Z,conn2,34000,7650000,4.14
2026-09-03T01:00:43.1602459Z,conn2,34000,7718000,3.88
2026-09-03T01:00:43.1634822Z,conn1,34000,2380000,1.26
2026-09-03T01:00:43.1708703Z,conn2,34000,7786000,3.05
2026-09-03T01:00:43.1797585Z,conn2,34000,7854000,3.65
2026-09-03T01:00:43.192344Z,conn2,34000,7922000,2.58
2026-09-03T01:00:43.1968751Z,conn1,34000,2448000,0.97
2026-09-03T01:00:43.2030284Z,conn2,34000,7990000,3.03
2026-09-03T01:00:43.2130921Z,conn2,34000,8058000,3.22
2026-09-03T01:00:43.2213815Z,conn2,34000,8126000,3.91
2026-09-03T01:00:43.223626Z,conn1,34000,2516000,1.21
2026-09-03T01:00:43.2285332Z,conn2,34000,8194000,4.53
2026-09-03T01:00:43.2347979Z,conn2,34000,8262000,5.18
2026-09-03T01:00:43.2416358Z,conn2,34000,8330000,5.16
2026-09-03T01:00:43.2469561Z,conn1,34000,2584000,1.39
2026-09-03T01:00:43.2513644Z,conn2,34000,8398000,3.33
2026-09-03T01:00:43.2609487Z,conn2,34000,8466000,3.38
2026-09-03T01:00:43.2628875Z,conn1,34000,2652000,2.04
2026-09-03T01:00:43.2686645Z,conn2,34000,8534000,4.20
2026-09-03T01:00:43.2783984Z,conn2,34000,8602000,3.33
2026-09-03T01:00:43.2805982Z,conn1,34000,2720000,1.83
2026-09-03T01:00:43.2862861Z,conn2,34000,8670000,4.11
2026-09-03T01:00:43.2949512Z,conn2,34000,8738000,3.74
2026-09-03T01:00:43.2991834Z,conn1,34000,2788000,1.74
2026-09-03T01:00:43.3028555Z,conn2,34000,8806000,4.10
2026-09-03T01:00:43.3103899Z,conn2,34000,8874000,4.30
2026-09-03T01:00:43.3175777Z,conn2,34000,8942000,4.98
2026-09-03T01:00:43.3266062Z,conn2,34000,9010000,3.59
2026-09-03T01:00:43.3344633Z,conn1,34000,2856000,0.92
2026-09-03T01:00:43.3355719Z,conn2,34000,9078000,3.62
2026-09-03T01:00:43.3461624Z,conn2,34000,9146000,3.06
2026-09-03T01:00:43.3537391Z,conn2,34000,9214000,4.28
2026-09-03T01:00:43.3573239Z,conn1,34000,2924000,1.42
2026-09-03T01:00:43.3608109Z,conn2,34000,9282000,4.59
2026-09-03T01:00:43.3677226Z,conn2,34000,9350000,4.69
2026-09-03T01:00:43.3753541Z,conn1,34000,2992000,1.80
2026-09-03T01:00:43.3775621Z,conn2,34000,9418000,3.53
2026-09-03T01:00:43.3839497Z,conn2,34000,9486000,5.08
2026-09-03T01:00:43.3922242Z,conn2,34000,9554000,3.92
2026-09-03T01:00:43.3940255Z,conn1,34000,3060000,1.74
2026-09-03T01:00:43.3998638Z,conn2,34000,9622000,4.24
2026-09-03T01:00:43.4078987Z,conn2,34000,9690000,4.04
2026-09-03T01:00:43.4129915Z,conn1,34000,3128000,1.76
2026-09-03T01:00:43.4155839Z,conn2,34000,9758000,4.22
2026-09-03T01:00:43.4221801Z,conn2,34000,9826000,4.92
2026-09-03T01:00:43.4296559Z,conn1,34000,3196000,2.02
2026-09-03T01:00:43.4302042Z,conn2,34000,9894000,4.04
2026-09-03T01:00:43.4361338Z,conn2,34000,9962000,5.47
2026-09-03T01:00:43.4425913Z,conn2,34000,10030000,5.02
2026-09-03T01:00:43.447332Z,conn2,34000,10098000,6.84
2026-09-03T01:00:43.4539742Z,conn2,34000,10166000,5.31
2026-09-03T01:00:43.4545316Z,conn1,34000,3264000,1.30
2026-09-03T01:00:43.4621711Z,conn2,34000,10234000,3.96
2026-09-03T01:00:43.4686579Z,conn2,34000,10302000,5.00
2026-09-03T01:00:43.4730483Z,conn1,34000,3332000,1.75
2026-09-03T01:00:43.4775756Z,conn2,34000,10370000,3.64
2026-09-03T01:00:43.484581Z,conn2,34000,10438000,5.13
2026-09-03T01:00:43.4964882Z,conn2,34000,10506000,2.72
2026-09-03T01:00:43.5015488Z,conn1,34000,3400000,1.14
2026-09-03T01:00:43.5043577Z,conn2,34000,10574000,4.12
2026-09-03T01:00:43.5166444Z,conn2,34000,10642000,2.64
2026-09-03T01:00:43.5312472Z,conn2,34000,10710000,2.22
2026-09-03T01:00:43.535598Z,conn1,34000,3468000,0.95
2026-09-03T01:00:43.5456602Z,conn2,34000,10778000,2.25
2026-09-03T01:00:43.5561638Z,conn2,34000,10846000,3.09
2026-09-03T01:00:43.5622293Z,conn1,34000,3536000,1.22
2026-09-03T01:00:43.5675791Z,conn2,34000,10914000,2.84
2026-09-03T01:00:43.578783Z,conn2,34000,10982000,2.89
2026-09-03T01:00:43.5868558Z,conn2,34000,11050000,4.02
2026-09-03T01:00:43.5884346Z,conn1,34000,3604000,1.24
2026-09-03T01:00:43.5954041Z,conn2,34000,11118000,3.79
2026-09-03T01:00:43.6039814Z,conn2,34000,11186000,3.78
2026-09-03T01:00:43.6111058Z,conn2,34000,11254000,4.55
2026-09-03T01:00:43.6133343Z,conn1,34000,3672000,1.30
2026-09-03T01:00:43.6197997Z,conn2,34000,11322000,3.73
2026-09-03T01:00:43.6265635Z,conn1,34000,3740000,2.45
2026-09-03T01:00:43.6277063Z,conn2,34000,11390000,4.10
2026-09-03T01:00:43.6351702Z,conn2,34000,11458000,4.34
2026-09-03T01:00:43.6445372Z,conn2,34000,11526000,3.46
2026-09-03T01:00:43.6466791Z,conn1,34000,3808000,1.61
2026-09-03T01:00:43.6530156Z,conn2,34000,11594000,3.82
2026-09-03T01:00:43.6599815Z,conn2,34000,11662000,4.65
2026-09-03T01:00:43.6647445Z,conn2,34000,11730000,6.81
2026-09-03T01:00:43.6653609Z,conn1,34000,3876000,1.74
2026-09-03T01:00:43.6719267Z,conn2,34000,11798000,4.51
2026-09-03T01:00:43.6773166Z,conn2,34000,11866000,6.02
2026-09-03T01:00:43.6826409Z,conn2,34000,11934000,6.09
2026-09-03T01:00:43.6844532Z,conn1,34000,3944000,1.70
2026-09-03T01:00:43.6905598Z,conn2,34000,12002000,4.09
2026-09-03T01:00:43.6994167Z,conn2,34000,12070000,3.66
2026-09-03T01:00:43.7078085Z,conn2,34000,12138000,3.86
2026-09-03T01:00:43.7100299Z,conn1,34000,4012000,1.27
2026-09-03T01:00:43.7158174Z,conn2,34000,12206000,4.05
2026-09-03T01:00:43.722709Z,conn2,34000,12274000,4.70
2026-09-03T01:00:43.7310495Z,conn1,34000,4080000,1.54
2026-09-03T01:00:43.7329738Z,conn2,34000,12342000,3.16
2026-09-03T01:00:43.740407Z,conn2,34000,12410000,4.36
2026-09-03T01:00:43.7489962Z,conn1,34000,4148000,1.81
2026-09-03T01:00:43.7510679Z,conn2,34000,12478000,3.04
2026-09-03T01:00:43.757846Z,conn2,34000,12546000,4.78
2026-09-03T01:00:43.7658634Z,conn2,34000,12614000,4.04
2026-09-03T01:00:43.7753161Z,conn2,34000,12682000,3.43
2026-09-03T01:00:43.7758747Z,conn1,34000,4216000,1.21
2026-09-03T01:00:43.783204Z,conn2,34000,12750000,4.11
2026-09-03T01:00:43.7915565Z,conn2,34000,12818000,3.88
2026-09-03T01:00:43.8005041Z,conn1,34000,4284000,1.32
2026-09-03T01:00:43.8015548Z,conn2,34000,12886000,3.24
2026-09-03T01:00:43.8116007Z,conn2,34000,12954000,3.23
2026-09-03T01:00:43.8211069Z,conn2,34000,13022000,3.41
2026-09-03T01:00:43.8233485Z,conn1,34000,4352000,1.42
2026-09-03T01:00:43.8283702Z,conn2,34000,13090000,4.46
2026-09-03T01:00:43.8372627Z,conn2,34000,13158000,3.65
2026-09-03T01:00:43.8421983Z,conn1,34000,4420000,1.72
2026-09-03T01:00:43.8445161Z,conn2,34000,13226000,4.47
2026-09-03T01:00:43.8507318Z,conn2,34000,13294000,5.22
2026-09-03T01:00:43.8587612Z,conn2,34000,13362000,4.04
2026-09-03T01:00:43.8616183Z,conn1,34000,4488000,1.67
2026-09-03T01:00:43.8658485Z,conn2,34000,13430000,4.58
2026-09-03T01:00:43.8727908Z,conn2,34000,13498000,4.67
2026-09-03T01:00:43.8769871Z,conn1,34000,4556000,2.11
2026-09-03T01:00:43.8794877Z,conn2,34000,13566000,4.84
2026-09-03T01:00:43.887762Z,conn2,34000,13634000,3.92
2026-09-03T01:00:43.9060137Z,conn2,34000,13702000,1.78
2026-09-03T01:00:43.9089998Z,conn1,34000,4624000,1.01
2026-09-03T01:00:43.9136533Z,conn2,34000,13770000,4.24
2026-09-03T01:00:43.9216781Z,conn2,34000,13838000,4.04
2026-09-03T01:00:43.9298015Z,conn2,34000,13906000,4.27
2026-09-03T01:00:43.9360387Z,conn1,34000,4692000,1.20
2026-09-03T01:00:43.9378973Z,conn2,34000,13974000,4.01
2026-09-03T01:00:43.9457848Z,conn2,34000,14042000,4.11
2026-09-03T01:00:43.9542155Z,conn2,34000,14110000,3.85
2026-09-03T01:00:43.959959Z,conn1,34000,4760000,1.36
2026-09-03T01:00:43.9629364Z,conn2,34000,14178000,3.72
2026-09-03T01:00:43.9713074Z,conn2,34000,14246000,3.87
2026-09-03T01:00:43.980075Z,conn2,34000,14314000,3.70
2026-09-03T01:00:43.982499Z,conn1,34000,4828000,1.44
2026-09-03T01:00:43.9888588Z,conn2,34000,14382000,3.69
2026-09-03T01:00:43.9950288Z,conn1,34000,4896000,2.59
2026-09-03T01:00:43.9979097Z,conn2,34000,14450000,3.58
2026-09-03T01:00:44.0071422Z,conn2,34000,14518000,3.51
2026-09-03T01:00:44.0113481Z,conn1,34000,4964000,1.99
2026-09-03T01:00:44.0163241Z,conn2,34000,14586000,3.53
2026-09-03T01:00:44.021173Z,conn2,34000,14654000,6.69
2026-09-03T01:00:44.0270599Z,conn2,34000,14722000,5.51
2026-09-03T01:00:44.0344048Z,conn2,34000,14790000,4.41
2026-09-03T01:00:44.0355381Z,conn1,34000,5032000,1.34
2026-09-03T01:00:44.0422748Z,conn2,34000,14858000,4.12
2026-09-03T01:00:44.0478763Z,conn2,34000,14926000,5.79
2026-09-03T01:00:44.0557804Z,conn2,34000,14994000,4.10
2026-09-03T01:00:44.0575798Z,conn1,34000,5100000,1.47
2026-09-03T01:00:44.0629507Z,conn2,34000,15062000,4.52
2026-09-03T01:00:44.0702979Z,conn2,34000,15130000,4.41
2026-09-03T01:00:44.0769243Z,conn2,34000,15198000,4.89
2026-09-03T01:00:44.0780427Z,conn1,34000,5168000,1.58
2026-09-03T01:00:44.086325Z,conn2,34000,15266000,3.45
2026-09-03T01:00:44.0959651Z,conn2,34000,15334000,3.36
2026-09-03T01:00:44.0990746Z,conn1,34000,5236000,1.54
2026-09-03T01:00:44.1037235Z,conn2,34000,15402000,4.18
2026-09-03T01:00:44.111377Z,conn2,34000,15470000,4.24
2026-09-03T01:00:44.1219371Z,conn1,34000,5304000,1.42
2026-09-03T01:00:44.1224663Z,conn2,34000,15538000,2.92
2026-09-03T01:00:44.1315067Z,conn2,34000,15606000,3.59
2026-09-03T01:00:44.139991Z,conn2,34000,15674000,3.82
2026-09-03T01:00:44.1470462Z,conn1,34000,5372000,1.29
2026-09-03T01:00:44.1495477Z,conn2,34000,15742000,3.39
2026-09-03T01:00:44.1580304Z,conn2,34000,15810000,3.82
2026-09-03T01:00:44.1672027Z,conn2,34000,15878000,3.54
2026-09-03T01:00:44.1749885Z,conn1,34000,5440000,1.16
2026-09-03T01:00:44.1798058Z,conn2,34000,15946000,2.57
2026-09-03T01:00:44.1898326Z,conn2,34000,16014000,3.23
2026-09-03T01:00:44.1983909Z,conn2,34000,16082000,3.79
2026-09-03T01:00:44.2014118Z,conn1,34000,5508000,1.23
2026-09-03T01:00:44.2111779Z,conn2,34000,16150000,2.54
2026-09-03T01:00:44.2201219Z,conn2,34000,16218000,3.63
2026-09-03T01:00:44.2279429Z,conn1,34000,5576000,1.22
2026-09-03T01:00:44.232694Z,conn2,34000,16286000,2.58
2026-09-03T01:00:44.2426741Z,conn2,34000,16354000,3.25
2026-09-03T01:00:44.2513153Z,conn1,34000,5644000,1.39
2026-09-03T01:00:44.2525134Z,conn2,34000,16422000,3.30
2026-09-03T01:00:44.2613299Z,conn2,34000,16490000,3.68
2026-09-03T01:00:44.2705856Z,conn2,34000,16558000,3.50
2026-09-03T01:00:44.2719761Z,conn1,34000,5712000,1.57
2026-09-03T01:00:44.2781724Z,conn2,34000,16626000,4.27
2026-09-03T01:00:44.2872606Z,conn2,34000,16694000,3.57
2026-09-03T01:00:44.2922132Z,conn1,34000,5780000,1.60
2026-09-03T01:00:44.2967477Z,conn2,34000,16762000,3.42
2026-09-03T01:00:44.3047079Z,conn2,34000,16830000,4.07
2026-09-03T01:00:44.3106477Z,conn2,34000,16898000,5.46
2026-09-03T01:00:44.3123779Z,conn1,34000,5848000,1.61
2026-09-03T01:00:44.316865Z,conn2,34000,16966000,5.22
2026-09-03T01:00:44.3269156Z,conn2,34000,17034000,3.23
2026-09-03T01:00:44.3340221Z,conn1,34000,5916000,1.50
2026-09-03T01:00:44.3351517Z,conn2,34000,17102000,3.94
2026-09-03T01:00:44.3413052Z,conn2,34000,17170000,5.27
2026-09-03T01:00:44.3483799Z,conn2,34000,17238000,4.58
2026-09-03T01:00:44.3562052Z,conn1,34000,5984000,1.46
2026-09-03T01:00:44.35852Z,conn2,34000,17306000,3.20
2026-09-03T01:00:44.3654165Z,conn2,34000,17374000,4.70
2026-09-03T01:00:44.3730781Z,conn2,34000,17442000,4.23
2026-09-03T01:00:44.379362Z,conn1,34000,6052000,1.40
2026-09-03T01:00:44.3836523Z,conn2,34000,17510000,3.07
2026-09-03T01:00:44.3926112Z,conn2,34000,17578000,3.62
2026-09-03T01:00:44.4012332Z,conn1,34000,6120000,1.48
2026-09-03T01:00:44.4028913Z,conn2,34000,17646000,3.15
2026-09-03T01:00:44.4110122Z,conn2,34000,17714000,3.99
2026-09-03T01:00:44.4202767Z,conn2,34000,17782000,3.50
2026-09-03T01:00:44.4249079Z,conn1,34000,6188000,1.37
2026-09-03T01:00:44.4291859Z,conn2,34000,17850000,3.64
2026-09-03T01:00:44.4379636Z,conn2,34000,17918000,3.69
2026-09-03T01:00:44.4449194Z,conn1,34000,6256000,1.62
2026-09-03T01:00:44.4454902Z,conn2,34000,17986000,4.31
2026-09-03T01:00:44.4545832Z,conn2,34000,18054000,3.57
2026-09-03T01:00:44.4612626Z,conn2,34000,18122000,4.85
2026-09-03T01:00:44.4671839Z,conn1,34000,6324000,1.46
2026-09-03T01:00:44.4677387Z,conn2,34000,18190000,5.01
2026-09-03T01:00:44.4748076Z,conn2,34000,18258000,4.59
2026-09-03T01:00:44.4803641Z,conn2,34000,18326000,5.84
2026-09-03T01:00:44.4828332Z,conn1,34000,6392000,2.07
2026-09-03T01:00:44.4888467Z,conn2,34000,18394000,3.82
2026-09-03T01:00:44.4954506Z,conn2,34000,18462000,4.91
2026-09-03T01:00:44.4994628Z,conn1,34000,6460000,1.95
2026-09-03T01:00:44.5021098Z,conn2,34000,18530000,4.87
2026-09-03T01:00:44.5086917Z,conn2,34000,18598000,4.93
2026-09-03T01:00:44.514641Z,conn2,34000,18666000,5.45
2026-09-03T01:00:44.520457Z,conn1,34000,6528000,1.54
2026-09-03T01:00:44.5229493Z,conn2,34000,18734000,3.90
2026-09-03T01:00:44.5286794Z,conn2,34000,18802000,5.66
2026-09-03T01:00:44.5342237Z,conn2,34000,18870000,5.85
2026-09-03T01:00:44.5347902Z,conn1,34000,6596000,2.26
2026-09-03T01:00:44.5400739Z,conn2,34000,18938000,5.54
2026-09-03T01:00:44.5461454Z,conn2,34000,19006000,5.34
2026-09-03T01:00:44.5519237Z,conn2,34000,19074000,5.61
2026-09-03T01:00:44.5540535Z,conn1,34000,6664000,1.68
2026-09-03T01:00:44.5609203Z,conn2,34000,19142000,3.60
2026-09-03T01:00:44.5675386Z,conn2,34000,19210000,4.90
2026-09-03T01:00:44.5759373Z,conn2,34000,19278000,3.86
2026-09-03T01:00:44.581064Z,conn1,34000,6732000,1.20
2026-09-03T01:00:44.5836409Z,conn2,34000,19346000,4.21
2026-09-03T01:00:44.5956591Z,conn2,34000,19414000,2.83
2026-09-03T01:00:44.6044416Z,conn2,34000,19482000,3.69
2026-09-03T01:00:44.605636Z,conn1,34000,6800000,1.32
2026-09-03T01:00:44.6146184Z,conn2,34000,19550000,3.19
2026-09-03T01:00:44.6255341Z,conn2,34000,19618000,2.97
2026-09-03T01:00:44.6320823Z,conn2,34000,19686000,4.95
2026-09-03T01:00:44.6326155Z,conn1,34000,6868000,1.20
2026-09-03T01:00:44.6429037Z,conn2,34000,19754000,3.00
2026-09-03T01:00:44.6493095Z,conn2,34000,19822000,5.06
2026-09-03T01:00:44.6554758Z,conn1,34000,6936000,1.42
2026-09-03T01:00:44.6567105Z,conn2,34000,19890000,4.38
2026-09-03T01:00:44.6648873Z,conn2,34000,19958000,3.97
2026-09-03T01:00:44.6705685Z,conn1,34000,7004000,2.15
2026-09-03T01:00:44.6734985Z,conn2,34000,20026000,3.77
2026-09-03T01:00:44.6810273Z,conn2,34000,20094000,4.31
2026-09-03T01:00:44.6893851Z,conn1,34000,7072000,1.77
2026-09-03T01:00:44.6920326Z,conn2,34000,20162000,2.95
2026-09-03T01:00:44.701577Z,conn2,34000,20230000,3.40
2026-09-03T01:00:44.7084074Z,conn1,34000,7140000,1.70
2026-09-03T01:00:44.7093288Z,conn2,34000,20298000,4.18
2026-09-03T01:00:44.7159765Z,conn2,34000,20366000,4.88
2026-09-03T01:00:44.7260549Z,conn2,34000,20434000,3.22
2026-09-03T01:00:44.7299461Z,conn1,34000,7208000,1.51
2026-09-03T01:00:44.7314798Z,conn2,34000,20502000,5.98
2026-09-03T01:00:44.7389661Z,conn2,34000,20570000,4.33
2026-09-03T01:00:44.7458024Z,conn2,34000,20638000,4.74
2026-09-03T01:00:44.7534052Z,conn1,34000,7276000,1.38
2026-09-03T01:00:44.755202Z,conn2,34000,20706000,3.75
2026-09-03T01:00:44.7616611Z,conn2,34000,20774000,5.02
2026-09-03T01:00:44.7707569Z,conn2,34000,20842000,3.56
2026-09-03T01:00:44.7771971Z,conn2,34000,20910000,5.03
2026-09-03T01:00:44.7778567Z,conn1,34000,7344000,1.33
2026-09-03T01:00:44.7855953Z,conn2,34000,20978000,3.86
2026-09-03T01:00:44.7917464Z,conn1,34000,7412000,2.33
2026-09-03T01:00:44.79283Z,conn2,34000,21046000,4.48
2026-09-03T01:00:44.8035977Z,conn2,34000,21114000,3.01
2026-09-03T01:00:44.8125459Z,conn2,34000,21182000,3.62
2026-09-03T01:00:44.8151573Z,conn1,34000,7480000,1.39
2026-09-03T01:00:44.822296Z,conn2,34000,21250000,3.52
2026-09-03T01:00:44.8330785Z,conn2,34000,21318000,3.01
2026-09-03T01:00:44.8398894Z,conn1,34000,7548000,1.31
2026-09-03T01:00:44.8411434Z,conn2,34000,21386000,4.02
2026-09-03T01:00:44.8492812Z,conn2,34000,21454000,3.98
2026-09-03T01:00:44.8599397Z,conn2,34000,21522000,3.04
2026-09-03T01:00:44.867047Z,conn1,34000,7616000,1.19
2026-09-03T01:00:44.86961Z,conn2,34000,21590000,3.35
2026-09-03T01:00:44.8759684Z,conn1,34000,7684000,3.63
2026-09-03T01:00:44.8835363Z,conn1,34000,7752000,4.64
2026-09-03T01:00:44.8910254Z,conn1,34000,7820000,4.33
2026-09-03T01:00:44.8982463Z,conn1,34000,7888000,4.88
2026-09-03T01:00:44.9068963Z,conn1,34000,7956000,3.75
2026-09-03T01:00:44.9253569Z,conn1,34000,8024000,1.76
2026-09-03T01:00:44.9465819Z,conn1,34000,8092000,1.53
2026-09-03T01:00:44.9607127Z,conn1,34000,8160000,2.29
2026-09-03T01:00:44.9735358Z,conn1,34000,8228000,2.53
2026-09-03T01:00:44.9823472Z,conn1,34000,8296000,3.68
2026-09-03T01:00:44.9926115Z,conn1,34000,8364000,3.16
2026-09-03T01:00:45.0050718Z,conn1,34000,8432000,2.60
2026-09-03T01:00:45.0109706Z,conn1,34000,8500000,5.50
2026-09-03T01:00:45.0262297Z,conn1,34000,8568000,2.12
2026-09-03T01:00:45.0384099Z,conn1,34000,8636000,2.66
2026-09-03T01:00:45.0500222Z,conn1,34000,8704000,2.79
2026-09-03T01:00:45.057786Z,conn1,34000,8772000,4.18
2026-09-03T01:00:45.0753426Z,conn1,34000,8840000,1.85
2026-09-03T01:00:45.0834299Z,conn1,34000,8908000,4.01
2026-09-03T01:00:45.0930244Z,conn1,34000,8976000,3.38
2026-09-03T01:00:45.1005209Z,conn1,34000,9044000,4.33
2026-09-03T01:00:45.1141938Z,conn1,34000,9112000,2.37
2026-09-03T01:00:45.1254927Z,conn1,34000,9180000,2.87
2026-09-03T01:00:45.1417897Z,conn1,34000,9248000,1.99
2026-09-03T01:00:45.152504Z,conn1,34000,9316000,3.03
2026-09-03T01:00:45.1601446Z,conn1,34000,9384000,4.24
2026-09-03T01:00:45.1711843Z,conn1,34000,9452000,2.94
2026-09-03T01:00:45.1836565Z,conn1,34000,9520000,2.60
2026-09-03T01:00:45.1961604Z,conn1,34000,9588000,2.59
2026-09-03T01:00:45.2065481Z,conn1,34000,9656000,3.12
2026-09-03T01:00:45.2283637Z,conn1,34000,9724000,1.49
2026-09-03T01:00:45.2406348Z,conn1,34000,9792000,2.64
2026-09-03T01:00:45.2494777Z,conn1,34000,9860000,3.67
2026-09-03T01:00:45.2633932Z,conn1,34000,9928000,2.33
2026-09-03T01:00:45.2728142Z,conn1,34000,9996000,3.44
2026-09-03T01:00:45.2859073Z,conn1,34000,10064000,2.48
2026-09-03T01:00:45.3014167Z,conn1,34000,10132000,2.09
2026-09-03T01:00:45.3068153Z,conn1,34000,10200000,6.01
2026-09-03T01:00:45.3137236Z,conn1,34000,10268000,4.69
2026-09-03T01:00:45.327634Z,conn1,34000,10336000,2.33
2026-09-03T01:00:45.3364085Z,conn1,34000,10404000,3.70
2026-09-03T01:00:45.3490699Z,conn1,34000,10472000,2.56
2026-09-03T01:00:45.3671713Z,conn1,34000,10540000,1.79
2026-09-03T01:00:45.3748734Z,conn1,34000,10608000,4.21
2026-09-03T01:00:45.3829966Z,conn1,34000,10676000,3.99
2026-09-03T01:00:45.3926012Z,conn1,34000,10744000,3.38
2026-09-03T01:00:45.4074393Z,conn1,34000,10812000,2.19
2026-09-03T01:00:45.4110425Z,conn1,34000,10880000,9.00
2026-09-03T01:00:45.4287531Z,conn1,34000,10948000,1.83
2026-09-03T01:00:45.4415751Z,conn1,34000,11016000,2.53
2026-09-03T01:00:45.4498737Z,conn1,34000,11084000,3.91
2026-09-03T01:00:45.459485Z,conn1,34000,11152000,3.37
2026-09-03T01:00:45.4687572Z,conn1,34000,11220000,3.50
2026-09-03T01:00:45.4795025Z,conn1,34000,11288000,3.02
2026-09-03T01:00:45.4882118Z,conn1,34000,11356000,3.72
2026-09-03T01:00:45.5076232Z,conn1,34000,11424000,1.67
2026-09-03T01:00:45.5189727Z,conn1,34000,11492000,2.86
2026-09-03T01:00:45.5275854Z,conn1,34000,11560000,3.76
2026-09-03T01:00:45.5368779Z,conn1,34000,11628000,3.49
2026-09-03T01:00:45.545497Z,conn1,34000,11696000,3.76
2026-09-03T01:00:45.5596104Z,conn1,34000,11764000,2.30
2026-09-03T01:00:45.5677489Z,conn1,34000,11832000,3.98
2026-09-03T01:00:45.5851325Z,conn1,34000,11900000,1.87
2026-09-03T01:00:45.5920182Z,conn1,34000,11968000,4.71
2026-09-03T01:00:45.6024174Z,conn1,34000,12036000,3.12
2026-09-03T01:00:45.6110447Z,conn1,34000,12104000,3.76
2026-09-03T01:00:45.6247181Z,conn1,34000,12172000,2.37
2026-09-03T01:00:45.6322722Z,conn1,34000,12240000,4.29
2026-09-03T01:00:45.6424153Z,conn1,34000,12308000,3.20
2026-09-03T01:00:45.6599745Z,conn1,34000,12376000,1.85
2026-09-03T01:00:45.6655644Z,conn1,34000,12444000,5.80
2026-09-03T01:00:45.6759576Z,conn1,34000,12512000,3.12
2026-09-03T01:00:45.6839014Z,conn1,34000,12580000,4.08
2026-09-03T01:00:45.6974755Z,conn1,34000,12648000,2.39
2026-09-03T01:00:45.7058224Z,conn1,34000,12716000,3.88
2026-09-03T01:00:45.7226933Z,conn1,34000,12784000,1.92
2026-09-03T01:00:45.7313375Z,conn1,34000,12852000,4.01
2026-09-03T01:00:45.7391453Z,conn1,34000,12920000,4.15
2026-09-03T01:00:45.7507868Z,conn1,34000,12988000,2.79
2026-09-03T01:00:45.7576219Z,conn1,34000,13056000,4.74
2026-09-03T01:00:45.7693339Z,conn1,34000,13124000,2.77
2026-09-03T01:00:45.7798941Z,conn1,34000,13192000,3.07
2026-09-03T01:00:45.7943853Z,conn1,34000,13260000,2.24
2026-09-03T01:00:45.8043237Z,conn1,34000,13328000,3.26
2026-09-03T01:00:45.8143127Z,conn1,34000,13396000,3.25
2026-09-03T01:00:45.821994Z,conn1,34000,13464000,4.22
2026-09-03T01:00:45.8351838Z,conn1,34000,13532000,2.46
2026-09-03T01:00:45.842787Z,conn1,34000,13600000,4.26
2026-09-03T01:00:45.8520403Z,conn1,34000,13668000,3.75
2026-09-03T01:00:45.8665849Z,conn1,34000,13736000,2.23
2026-09-03T01:00:45.8766717Z,conn1,34000,13804000,3.21
2026-09-03T01:00:45.8872429Z,conn1,34000,13872000,3.07
2026-09-03T01:00:45.8941745Z,conn1,34000,13940000,4.68
2026-09-03T01:00:45.9063649Z,conn1,34000,14008000,2.66
2026-09-03T01:00:45.9149138Z,conn1,34000,14076000,3.79
2026-09-03T01:00:45.9259682Z,conn1,34000,14144000,3.08
2026-09-03T01:00:45.9408548Z,conn1,34000,14212000,2.18
2026-09-03T01:00:45.9501402Z,conn1,34000,14280000,3.49
2026-09-03T01:00:45.957496Z,conn1,34000,14348000,4.41
2026-09-03T01:00:45.9737953Z,conn1,34000,14416000,1.99
2026-09-03T01:00:45.9795844Z,conn1,34000,14484000,5.60
2026-09-03T01:00:45.9902571Z,conn1,34000,14552000,3.04
2026-09-03T01:00:46.0001874Z,conn1,34000,14620000,3.27
2026-09-03T01:00:46.0111753Z,conn1,34000,14688000,2.95
2026-09-03T01:00:46.021029Z,conn1,34000,14756000,3.29
2026-09-03T01:00:46.0291536Z,conn1,34000,14824000,3.99
2026-09-03T01:00:46.0457105Z,conn1,34000,14892000,1.96
2026-09-03T01:00:46.0526049Z,conn1,34000,14960000,4.70
2026-09-03T01:00:46.0607121Z,conn1,34000,15028000,4.00
2026-09-03T01:00:46.0769122Z,conn1,34000,15096000,2.00
2026-09-03T01:00:46.0859181Z,conn1,34000,15164000,3.60
2026-09-03T01:00:46.0911885Z,conn1,34000,15232000,6.15
2026-09-03T01:00:46.099559Z,conn1,34000,15300000,3.87
2026-09-03T01:00:46.1183998Z,conn1,34000,15368000,1.72
2026-09-03T01:00:46.1262094Z,conn1,34000,15436000,4.15
2026-09-03T01:00:46.1339044Z,conn1,34000,15504000,4.21
2026-09-03T01:00:46.1538619Z,conn1,34000,15572000,1.62
2026-09-03T01:00:46.1591908Z,conn1,34000,15640000,6.08
2026-09-03T01:00:46.1642864Z,conn1,34000,15708000,6.36
2026-09-03T01:00:46.1719334Z,conn1,34000,15776000,4.24
2026-09-03T01:00:46.1912998Z,conn1,34000,15844000,1.67
2026-09-03T01:00:46.1968289Z,conn1,34000,15912000,5.86
2026-09-03T01:00:46.2050641Z,conn1,34000,15980000,3.94
2026-09-03T01:00:46.2239641Z,conn1,34000,16048000,1.72
2026-09-03T01:00:46.2310246Z,conn1,34000,16116000,4.59
2026-09-03T01:00:46.2392404Z,conn1,34000,16184000,3.95
2026-09-03T01:00:46.2470563Z,conn1,34000,16252000,4.15
2026-09-03T01:00:46.2616395Z,conn1,34000,16320000,2.22
2026-09-03T01:00:46.2687732Z,conn1,34000,16388000,4.55
2026-09-03T01:00:46.2780572Z,conn1,34000,16456000,3.49
2026-09-03T01:00:46.2947738Z,conn1,34000,16524000,1.94
2026-09-03T01:00:46.3024122Z,conn1,34000,16592000,4.24
2026-09-03T01:00:46.3114736Z,conn1,34000,16660000,3.58
2026-09-03T01:00:46.3169955Z,conn1,34000,16728000,5.87
2026-09-03T01:00:46.3389197Z,conn1,34000,16796000,1.48
2026-09-03T01:00:46.3444555Z,conn1,34000,16864000,5.86
2026-09-03T01:00:46.3494524Z,conn1,34000,16932000,6.49
2026-09-03T01:00:46.3663073Z,conn1,34000,17000000,1.92
2026-09-03T01:00:46.3739011Z,conn1,34000,17068000,4.27
2026-09-03T01:00:46.3820318Z,conn1,34000,17136000,3.99
2026-09-03T01:00:46.3906174Z,conn1,34000,17204000,3.78
2026-09-03T01:00:46.4125608Z,conn1,34000,17272000,1.48
2026-09-03T01:00:46.4195049Z,conn1,34000,17340000,4.67
2026-09-03T01:00:46.4266095Z,conn1,34000,17408000,4.56
2026-09-03T01:00:46.4375697Z,conn1,34000,17476000,2.96
2026-09-03T01:00:46.4480694Z,conn1,34000,17544000,3.09
2026-09-03T01:00:46.4553891Z,conn1,34000,17612000,4.43
2026-09-03T01:00:46.4603861Z,conn1,34000,17680000,6.49
2026-09-03T01:00:46.4817019Z,conn1,34000,17748000,1.52
2026-09-03T01:00:46.4899747Z,conn1,34000,17816000,3.92
2026-09-03T01:00:46.4988782Z,conn1,34000,17884000,3.64
2026-09-03T01:00:46.5062809Z,conn1,34000,17952000,4.38
2026-09-03T01:00:46.5243211Z,conn1,34000,18020000,1.80
2026-09-03T01:00:46.5302142Z,conn1,34000,18088000,5.50
2026-09-03T01:00:46.5357264Z,conn1,34000,18156000,5.88
2026-09-03T01:00:46.5478212Z,conn1,34000,18224000,2.68
2026-09-03T01:00:46.5595283Z,conn1,34000,18292000,2.77
2026-09-03T01:00:46.567646Z,conn1,34000,18360000,3.99
2026-09-03T01:00:46.5768394Z,conn1,34000,18428000,3.53
2026-09-03T01:00:46.5933603Z,conn1,34000,18496000,1.96
2026-09-03T01:00:46.6059232Z,conn1,34000,18564000,2.58
2026-09-03T01:00:46.6113859Z,conn1,34000,18632000,5.94
2026-09-03T01:00:46.6167194Z,conn1,34000,18700000,6.08
2026-09-03T01:00:46.6311814Z,conn1,34000,18768000,2.24
2026-09-03T01:00:46.6376074Z,conn1,34000,18836000,5.53
2026-09-03T01:00:46.6467831Z,conn1,34000,18904000,3.53
2026-09-03T01:00:46.6574112Z,conn1,34000,18972000,3.05
2026-09-03T01:00:46.6741844Z,conn1,34000,19040000,1.93
2026-09-03T01:00:46.694957Z,conn1,34000,19108000,1.56
2026-09-03T01:00:46.7016457Z,conn1,34000,19176000,4.85
2026-09-03T01:00:46.7075562Z,conn1,34000,19244000,5.49
2026-09-03T01:00:46.7138038Z,conn1,34000,19312000,5.19
2026-09-03T01:00:46.7202354Z,conn1,34000,19380000,5.04
2026-09-03T01:00:46.7292114Z,conn1,34000,19448000,3.61
2026-09-03T01:00:46.7405408Z,conn1,34000,19516000,3.03
2026-09-03T01:00:46.7641213Z,conn1,34000,19584000,1.38
2026-09-03T01:00:46.7701728Z,conn1,34000,19652000,5.36
2026-09-03T01:00:46.7778311Z,conn1,34000,19720000,4.23
2026-09-03T01:00:46.7872425Z,conn1,34000,19788000,3.45
2026-09-03T01:00:46.7952761Z,conn1,34000,19856000,4.04
2026-09-03T01:00:46.8072849Z,conn1,34000,19924000,2.70
2026-09-03T01:00:46.8120115Z,conn1,34000,19992000,6.86
2026-09-03T01:00:46.8203196Z,conn1,34000,20060000,3.90
2026-09-03T01:00:46.8412496Z,conn1,34000,20128000,1.55
2026-09-03T01:00:46.8482473Z,conn1,34000,20196000,4.63
2026-09-03T01:00:46.8577699Z,conn1,34000,20264000,3.63
2026-09-03T01:00:46.8652315Z,conn1,34000,20332000,4.35
2026-09-03T01:00:46.8770978Z,conn1,34000,20400000,2.73
2026-09-03T01:00:46.8856663Z,conn1,34000,20468000,3.78
2026-09-03T01:00:46.8970573Z,conn1,34000,20536000,2.85
2026-09-03T01:00:46.9102867Z,conn1,34000,20604000,2.45
2026-09-03T01:00:46.9182726Z,conn1,34000,20672000,4.06
2026-09-03T01:00:46.9246036Z,conn1,34000,20740000,5.12
2026-09-03T01:00:46.9330435Z,conn1,34000,20808000,4.11
2026-09-03T01:00:46.9517154Z,conn1,34000,20876000,1.74
2026-09-03T01:00:46.9590224Z,conn1,34000,20944000,4.44
2026-09-03T01:00:46.9691305Z,conn1,34000,21012000,3.21
2026-09-03T01:00:46.9794791Z,conn1,34000,21080000,3.13
2026-09-03T01:00:46.9871738Z,conn1,34000,21148000,4.21
2026-09-03T01:00:47.0096694Z,conn1,34000,21216000,1.44
2026-09-03T01:00:47.0164035Z,conn1,34000,21284000,4.82
2026-09-03T01:00:47.0219463Z,conn1,34000,21352000,5.85
2026-09-03T01:00:47.0394194Z,conn1,34000,21420000,1.86
2026-09-03T01:00:47.0440762Z,conn1,34000,21488000,6.96
2026-09-03T01:00:47.0476823Z,conn1,34000,21556000,8.99
2026-09-03T01:00:47.0490791Z,conn1,12320,21624000,8.41
