timestamp,conn_id,data_size,offset,throughput
2026-07-15T02:05:12.7965838Z,conn2,34000,0,0.89
2026-07-15T02:05:12.8383143Z,conn2,34000,68000,0.78
2026-07-15T02:05:12.8388763Z,conn1,34000,34000,0.81
2026-07-15T02:05:12.8838839Z,conn2,34000,136000,0.73
2026-07-15T02:05:12.8962172Z,conn1,34000,102000,0.57
2026-07-15T02:05:12.9443433Z,conn2,67185,204000,1.07
2026-07-15T02:05:12.9530514Z,conn1,34000,170000,0.57
2026-07-15T02:05:12.9871502Z,conn1,34000,238000,0.97
2026-07-15T02:05:12.9897834Z,conn2,34000,272000,0.72
2026-07-15T02:05:13.0124013Z,conn2,34000,340000,1.43
2026-07-15T02:05:13.0361921Z,conn1,34000,306000,0.67
2026-07-15T02:05:13.0433549Z,conn2,34000,408000,1.07
2026-07-15T02:05:13.0694163Z,conn1,34000,374000,0.99
2026-07-15T02:05:13.0816726Z,conn2,45150,476000,1.12
2026-07-15T02:05:13.1076536Z,conn1,22850,453150,0.58
2026-07-15T02:05:13.1132415Z,conn2,45333,544000,1.39
2026-07-15T02:05:13.1321841Z,conn1,22667,521333,0.88
2026-07-15T02:05:13.137915Z,conn2,34000,612000,1.31
2026-07-15T02:05:13.151358Z,conn1,22667,589333,1.16
2026-07-15T02:05:13.1675251Z,conn2,34000,680000,1.10
2026-07-15T02:05:13.18969Z,conn1,34000,646000,0.87
2026-07-15T02:05:13.2150393Z,conn2,38789,748000,0.80
2026-07-15T02:05:13.223701Z,conn1,29211,718789,0.82
2026-07-15T02:05:13.2523132Z,conn2,43209,816000,1.11
2026-07-15T02:05:13.2543882Z,conn1,24791,791209,0.78
2026-07-15T02:05:13.2847144Z,conn2,40799,884000,1.25
2026-07-15T02:05:13.2852662Z,conn1,24791,859209,0.78
2026-07-15T02:05:13.2993582Z,conn2,25859,952000,1.68
2026-07-15T02:05:13.3172624Z,conn1,27201,924799,0.81
2026-07-15T02:05:13.3243343Z,conn2,25859,1020000,0.99
2026-07-15T02:05:13.365578Z,conn1,42141,977859,0.84
2026-07-15T02:05:13.3826584Z,conn2,43209,1088000,0.72
2026-07-15T02:05:13.3918579Z,conn1,24791,1063209,0.94
2026-07-15T02:05:13.4123031Z,conn1,18435,1137565,0.86
2026-07-15T02:05:13.4165222Z,conn2,49565,1156000,1.40
2026-07-15T02:05:13.436869Z,conn1,18435,1205565,0.73
2026-07-15T02:05:13.4491292Z,conn2,33140,1224000,0.98
2026-07-15T02:05:13.4695335Z,conn1,34860,1257140,1.04
2026-07-15T02:05:13.4796741Z,conn2,34425,1292000,1.09
2026-07-15T02:05:13.499708Z,conn2,34425,1360000,1.64
2026-07-15T02:05:13.5129289Z,conn1,33575,1326425,0.75
2026-07-15T02:05:13.5365072Z,conn2,36322,1428000,0.94
2026-07-15T02:05:13.5483607Z,conn1,31678,1396322,0.85
2026-07-15T02:05:13.5647285Z,conn1,31678,1464322,1.90
2026-07-15T02:05:13.5668297Z,conn2,26071,1496000,0.85
2026-07-15T02:05:13.6130385Z,conn2,45709,1564000,0.95
2026-07-15T02:05:13.6250833Z,conn1,41929,1522071,0.67
2026-07-15T02:05:13.631877Z,conn2,36322,1632000,1.84
2026-07-15T02:05:13.6375295Z,conn1,22291,1609709,1.71
2026-07-15T02:05:13.6635064Z,conn2,36322,1700000,1.10
2026-07-15T02:05:13.6653395Z,conn1,31678,1668322,1.11
2026-07-15T02:05:13.70117Z,conn2,30698,1768000,0.79
2026-07-15T02:05:13.7054194Z,conn1,31678,1736322,0.75
2026-07-15T02:05:13.7191336Z,conn2,38140,1836000,2.19
2026-07-15T02:05:13.7368181Z,conn1,37302,1798698,1.15
2026-07-15T02:05:13.7508806Z,conn2,38140,1904000,1.15
2026-07-15T02:05:13.7798155Z,conn1,29860,1874140,0.67
2026-07-15T02:05:13.7803703Z,conn2,36322,1972000,1.20
2026-07-15T02:05:13.8079686Z,conn1,31678,1940322,1.09
2026-07-15T02:05:13.8194399Z,conn1,21431,2018569,1.87
2026-07-15T02:05:13.8205775Z,conn2,46569,2040000,1.12
2026-07-15T02:05:13.8402671Z,conn2,34377,2108000,1.72
2026-07-15T02:05:13.8519327Z,conn1,21431,2086569,0.64
2026-07-15T02:05:13.8687972Z,conn2,34377,2176000,1.17
2026-07-15T02:05:13.8832652Z,conn1,33623,2142377,1.04
2026-07-15T02:05:13.9019693Z,conn2,25239,2244000,0.73
2026-07-15T02:05:13.9107042Z,conn2,25239,2312000,3.03
2026-07-15T02:05:13.9190284Z,conn1,33623,2210377,0.91
2026-07-15T02:05:13.9442769Z,conn2,53765,2380000,1.56
2026-07-15T02:05:13.9558942Z,conn1,42761,2269239,1.16
2026-07-15T02:05:13.9631696Z,conn1,14235,2365765,1.87
2026-07-15T02:05:13.988843Z,conn1,14235,2433765,0.53
2026-07-15T02:05:13.9895131Z,conn2,34377,2448000,0.72
2026-07-15T02:05:14.0093374Z,conn1,33623,2482377,1.62
2026-07-15T02:05:14.0337656Z,conn1,27186,2556814,1.09
2026-07-15T02:05:14.0673514Z,conn1,27186,2624814,0.78
2026-07-15T02:05:14.0769883Z,conn2,40814,2516000,0.45
2026-07-15T02:05:14.0894033Z,conn1,34992,2685008,1.60
2026-07-15T02:05:14.1283161Z,conn2,28426,2584000,0.53
2026-07-15T02:05:14.1288837Z,conn2,985,2652000,1.65
2026-07-15T02:05:14.1337325Z,conn1,39574,2748426,0.85
2026-07-15T02:05:14.1443355Z,conn2,985,2720000,0.06
2026-07-15T02:05:14.1640737Z,conn2,26947,2788000,1.39
2026-07-15T02:05:14.1883101Z,conn1,67015,2788985,1.20
2026-07-15T02:05:14.1962956Z,conn2,26947,2856000,0.80
2026-07-15T02:05:14.2345821Z,conn1,41053,2882947,0.85
2026-07-15T02:05:14.2357693Z,conn1,982,2991018,0.00
2026-07-15T02:05:14.2363542Z,conn1,982,3059018,1.60
2026-07-15T02:05:14.2369128Z,conn1,982,3127018,0.00
2026-07-15T02:05:14.237475Z,conn1,982,3195018,0.00
2026-07-15T02:05:14.2387383Z,conn1,982,3263018,0.00
2026-07-15T02:05:14.2392985Z,conn1,982,3331018,1.67
2026-07-15T02:05:14.2403892Z,conn1,982,3399018,1.72
2026-07-15T02:05:14.2409607Z,conn1,982,3467018,0.00
2026-07-15T02:05:14.2415055Z,conn1,982,3535018,1.72
2026-07-15T02:05:14.2420681Z,conn1,982,3603018,1.66
2026-07-15T02:05:14.2530986Z,conn1,982,3671018,0.08
2026-07-15T02:05:14.2543227Z,conn1,982,3739018,1.40
2026-07-15T02:05:14.2555433Z,conn1,982,3807018,0.00
2026-07-15T02:05:14.2561132Z,conn1,982,3875018,1.64
2026-07-15T02:05:14.2573325Z,conn1,982,3943018,1.60
2026-07-15T02:05:14.2578686Z,conn1,982,4011018,1.75
2026-07-15T02:05:14.2584002Z,conn1,982,4079018,1.76
2026-07-15T02:05:14.258958Z,conn1,982,4147018,0.00
2026-07-15T02:05:14.2595026Z,conn2,67018,2924000,1.03
2026-07-15T02:05:14.2613159Z,conn1,982,4215018,0.52
2026-07-15T02:05:14.2698659Z,conn1,982,4283018,1.28
2026-07-15T02:05:14.2704181Z,conn1,982,4351018,0.00
2026-07-15T02:05:14.2709825Z,conn1,982,4419018,0.00
2026-07-15T02:05:14.2715378Z,conn1,982,4487018,0.00
2026-07-15T02:05:14.2721054Z,conn1,982,4555018,1.65
2026-07-15T02:05:14.2721054Z,conn1,982,4623018,0.00
2026-07-15T02:05:14.2726688Z,conn1,982,4691018,0.00
2026-07-15T02:05:14.2726688Z,conn1,982,4759018,0.00
2026-07-15T02:05:14.2917168Z,conn1,39864,4788136,2.11
2026-07-15T02:05:14.293524Z,conn2,28136,2992000,0.82
2026-07-15T02:05:14.3256844Z,conn2,19501,3060000,0.58
2026-07-15T02:05:14.3322244Z,conn1,39864,4856136,0.94
2026-07-15T02:05:14.3691039Z,conn1,48499,4915501,1.28
2026-07-15T02:05:14.4001249Z,conn1,31759,5000241,0.99
2026-07-15T02:05:14.4046586Z,conn2,36241,3128000,0.44
2026-07-15T02:05:14.4231557Z,conn2,22337,3196000,1.15
2026-07-15T02:05:14.4353924Z,conn1,42778,5057222,1.19
2026-07-15T02:05:14.4471311Z,conn2,22337,3264000,0.91
2026-07-15T02:05:14.4655321Z,conn2,611,3332000,0.03
2026-07-15T02:05:14.4742649Z,conn2,611,3400000,0.08
2026-07-15T02:05:14.4765587Z,conn1,45663,5122337,1.08
2026-07-15T02:05:14.5044662Z,conn2,611,3468000,0.02
2026-07-15T02:05:14.538064Z,conn2,29923,3536000,0.85
2026-07-15T02:05:14.5391811Z,conn1,67389,5168611,1.04
2026-07-15T02:05:14.5545087Z,conn2,23143,3604000,1.39
2026-07-15T02:05:14.5610435Z,conn1,38077,5265923,1.66
2026-07-15T02:05:14.5871503Z,conn2,23143,3672000,0.71
2026-07-15T02:05:14.5958498Z,conn1,44857,5327143,1.23
2026-07-15T02:05:14.6156877Z,conn2,40058,3740000,1.34
2026-07-15T02:05:14.6344605Z,conn1,44857,5395143,1.11
2026-07-15T02:05:14.643105Z,conn2,22761,3808000,0.82
2026-07-15T02:05:14.664732Z,conn1,27942,5480058,0.91
2026-07-15T02:05:14.673191Z,conn2,22761,3876000,0.72
2026-07-15T02:05:14.681506Z,conn2,23142,3944000,3.19
2026-07-15T02:05:14.6937842Z,conn1,45239,5530761,1.51
2026-07-15T02:05:14.716397Z,conn2,23142,4012000,0.63
2026-07-15T02:05:14.7261295Z,conn1,44858,5599142,1.32
2026-07-15T02:05:14.745294Z,conn2,39671,4080000,1.33
2026-07-15T02:05:14.7655081Z,conn1,44858,5667142,1.10
2026-07-15T02:05:14.7869136Z,conn2,42269,4148000,1.00
2026-07-15T02:05:14.7910924Z,conn1,28329,5751671,1.08
2026-07-15T02:05:14.7973248Z,conn2,13896,4216000,1.42
2026-07-15T02:05:14.8048847Z,conn2,13896,4284000,1.94
2026-07-15T02:05:14.8213268Z,conn1,25731,5822269,0.83
2026-07-15T02:05:14.8337593Z,conn2,13896,4352000,0.47
2026-07-15T02:05:14.8683734Z,conn1,54104,5861896,1.11
2026-07-15T02:05:14.8746075Z,conn2,31913,4420000,0.77
2026-07-15T02:05:14.8968844Z,conn1,36087,5947913,1.26
2026-07-15T02:05:14.9070848Z,conn2,48421,4488000,1.48
2026-07-15T02:05:14.9106812Z,conn1,36087,6015913,2.49
2026-07-15T02:05:14.9343624Z,conn1,19579,6100421,0.81
2026-07-15T02:05:14.936638Z,conn2,48421,4556000,1.64
2026-07-15T02:05:14.9441271Z,conn2,23845,4624000,3.04
2026-07-15T02:05:14.9596742Z,conn2,25228,4692000,1.55
2026-07-15T02:05:14.9704848Z,conn1,44155,6143845,1.20
2026-07-15T02:05:14.9758616Z,conn2,25228,4760000,1.62
2026-07-15T02:05:14.9888025Z,conn2,27303,4828000,2.01
2026-07-15T02:05:14.9930052Z,conn1,42772,6213228,1.85
2026-07-15T02:05:15.0125822Z,conn2,27303,4896000,1.12
2026-07-15T02:05:15.0370357Z,conn1,42772,6281228,0.94
2026-07-15T02:05:15.0449889Z,conn2,56627,4964000,1.97
2026-07-15T02:05:15.0540509Z,conn1,40697,6351303,2.28
2026-07-15T02:05:15.0623623Z,conn1,11373,6448627,1.44
2026-07-15T02:05:15.0675272Z,conn2,25614,5032000,1.08
2026-07-15T02:05:15.0933148Z,conn2,25614,5100000,0.95
2026-07-15T02:05:15.0938654Z,conn1,11373,6516627,0.35
2026-07-15T02:05:15.1103554Z,conn2,25614,5168000,1.55
2026-07-15T02:05:15.1248932Z,conn1,42386,6553614,1.34
2026-07-15T02:05:15.1265762Z,conn2,26494,5236000,1.59
2026-07-15T02:05:15.1407304Z,conn1,42386,6621614,2.65
2026-07-15T02:05:15.1446884Z,conn2,26494,5304000,1.44
2026-07-15T02:05:15.1623544Z,conn2,22420,5372000,1.34
2026-07-15T02:05:15.1756427Z,conn2,22420,5440000,1.61
2026-07-15T02:05:15.1874692Z,conn1,41506,6690494,0.86
2026-07-15T02:05:15.2100739Z,conn2,55646,5508000,1.54
2026-07-15T02:05:15.2141524Z,conn1,45580,6754420,1.67
2026-07-15T02:05:15.2272428Z,conn1,12354,6855646,0.98
2026-07-15T02:05:15.2330203Z,conn2,55646,5576000,2.37
2026-07-15T02:05:15.2341309Z,conn1,12354,6923646,1.86
2026-07-15T02:05:15.2627818Z,conn1,12354,6991646,0.42
2026-07-15T02:05:15.2638989Z,conn2,43531,5644000,1.37
2026-07-15T02:05:15.2750741Z,conn1,24469,7047531,2.09
2026-07-15T02:05:15.2761888Z,conn2,23848,5712000,1.85
2026-07-15T02:05:15.2799491Z,conn1,24469,7115531,4.79
2026-07-15T02:05:15.2975915Z,conn2,23848,5780000,1.12
2026-07-15T02:05:15.2981701Z,conn1,24469,7183531,1.32
2026-07-15T02:05:15.3138625Z,conn2,41677,5848000,2.44
2026-07-15T02:05:15.34595Z,conn1,44152,7231848,0.89
2026-07-15T02:05:15.3513218Z,conn2,41677,5916000,1.08
2026-07-15T02:05:15.3729652Z,conn1,26323,7317677,0.95
2026-07-15T02:05:15.3886928Z,conn2,35050,5984000,0.92
2026-07-15T02:05:15.3988144Z,conn1,26323,7385677,0.99
2026-07-15T02:05:15.4111067Z,conn1,26323,7453677,2.14
2026-07-15T02:05:15.4141937Z,conn2,35050,6052000,1.34
2026-07-15T02:05:15.4345395Z,conn2,33019,6120000,1.59
2026-07-15T02:05:15.4363282Z,conn1,32950,7515050,1.28
2026-07-15T02:05:15.4610185Z,conn2,33019,6188000,1.21
2026-07-15T02:05:15.4717185Z,conn1,32950,7583050,0.90
2026-07-15T02:05:15.4914091Z,conn2,50630,6256000,1.62
2026-07-15T02:05:15.4925802Z,conn1,34981,7649019,1.65
2026-07-15T02:05:15.499221Z,conn1,17370,7734630,2.49
2026-07-15T02:05:15.5026957Z,conn2,30121,6324000,2.55
2026-07-15T02:05:15.5066906Z,conn1,17370,7802630,2.46
2026-07-15T02:05:15.5159166Z,conn2,30121,6392000,2.27
2026-07-15T02:05:15.5164737Z,conn1,17370,7870630,1.80
2026-07-15T02:05:15.5416489Z,conn2,30121,6460000,1.12
2026-07-15T02:05:15.5608949Z,conn2,34035,6528000,1.74
2026-07-15T02:05:15.5620465Z,conn1,37879,7918121,0.80
2026-07-15T02:05:15.5774974Z,conn1,37879,7986121,2.55
2026-07-15T02:05:15.5820485Z,conn2,34035,6596000,1.58
2026-07-15T02:05:15.6078823Z,conn2,34035,6664000,1.28
2026-07-15T02:05:15.6133463Z,conn1,33965,8058035,0.92
2026-07-15T02:05:15.6343605Z,conn1,33965,8126035,1.58
2026-07-15T02:05:15.6475022Z,conn1,29916,8198084,2.36
2026-07-15T02:05:15.662671Z,conn1,29916,8266084,1.88
2026-07-15T02:05:15.6873943Z,conn2,38084,6732000,0.46
2026-07-15T02:05:15.6992306Z,conn1,36820,8327180,0.98
2026-07-15T02:05:15.7130545Z,conn2,45364,6800000,1.72
2026-07-15T02:05:15.7141274Z,conn1,22636,8409364,1.56
2026-07-15T02:05:15.7166335Z,conn2,310,6868000,0.13
2026-07-15T02:05:15.720384Z,conn1,22636,8477364,3.45
2026-07-15T02:05:15.7225388Z,conn2,310,6936000,0.05
2026-07-15T02:05:15.7334383Z,conn2,310,7004000,0.03
2026-07-15T02:05:15.7342966Z,conn1,22636,8545364,1.62
2026-07-15T02:05:15.7369744Z,conn2,310,7072000,0.09
2026-07-15T02:05:15.7404358Z,conn2,310,7140000,0.10
2026-07-15T02:05:15.7599774Z,conn1,22636,8613364,0.88
2026-07-15T02:05:15.76341Z,conn2,34573,7208000,1.47
2026-07-15T02:05:15.7763219Z,conn2,34573,7276000,2.69
2026-07-15T02:05:15.7945975Z,conn1,67690,8636310,1.86
2026-07-15T02:05:15.8027261Z,conn2,34573,7344000,1.28
2026-07-15T02:05:15.8111125Z,conn2,27783,7412000,3.16
2026-07-15T02:05:15.8193798Z,conn1,33427,8738573,1.32
2026-07-15T02:05:15.8425545Z,conn2,27783,7480000,0.84
2026-07-15T02:05:15.8497975Z,conn1,33427,8806573,1.08
2026-07-15T02:05:15.8621366Z,conn2,51229,7548000,2.57
2026-07-15T02:05:15.8698623Z,conn1,40217,8867783,1.96
2026-07-15T02:05:15.8779266Z,conn1,16771,8959229,1.98
2026-07-15T02:05:15.8856376Z,conn2,51229,7616000,2.08
2026-07-15T02:05:15.8924627Z,conn1,16771,9027229,1.15
2026-07-15T02:05:15.8980967Z,conn2,25938,7684000,1.99
2026-07-15T02:05:15.9048993Z,conn1,16771,9095229,1.35
2026-07-15T02:05:15.9172741Z,conn2,25938,7752000,1.33
2026-07-15T02:05:15.9236295Z,conn1,16771,9163229,0.88
2026-07-15T02:05:15.9280949Z,conn2,25938,7820000,2.55
2026-07-15T02:05:15.9532213Z,conn1,42062,9205938,1.36
2026-07-15T02:05:15.9543289Z,conn2,31711,7888000,1.15
2026-07-15T02:05:15.9695756Z,conn2,31711,7956000,2.14
2026-07-15T02:05:15.987962Z,conn1,42062,9273938,1.17
2026-07-15T02:05:15.9982144Z,conn2,31711,8024000,1.06
2026-07-15T02:05:16.0355939Z,conn1,36289,9347711,0.74
2026-07-15T02:05:16.041079Z,conn2,45699,8092000,1.03
2026-07-15T02:05:16.0519756Z,conn1,36289,9415711,2.19
2026-07-15T02:05:16.0640721Z,conn1,22301,9497699,1.84
2026-07-15T02:05:16.0712845Z,conn2,45699,8160000,1.47
2026-07-15T02:05:16.0820559Z,conn1,22301,9565699,1.23
2026-07-15T02:05:16.0941436Z,conn2,40884,8228000,1.71
2026-07-15T02:05:16.1076692Z,conn1,28686,9627314,1.09
2026-07-15T02:05:16.1171335Z,conn2,40884,8296000,1.74
2026-07-15T02:05:16.1361145Z,conn1,27116,9696884,0.93
2026-07-15T02:05:16.1431413Z,conn2,26273,8364000,0.98
2026-07-15T02:05:16.1507154Z,conn1,27116,9764884,1.92
2026-07-15T02:05:16.1622182Z,conn2,26273,8432000,1.35
2026-07-15T02:05:16.1759927Z,conn1,41727,9818273,1.61
2026-07-15T02:05:16.183769Z,conn2,44880,8500000,2.04
2026-07-15T02:05:16.2046656Z,conn1,41727,9886273,1.42
2026-07-15T02:05:16.210769Z,conn2,44880,8568000,1.69
2026-07-15T02:05:16.2208955Z,conn1,23120,9972880,1.41
2026-07-15T02:05:16.2283216Z,conn2,30429,8636000,1.65
2026-07-15T02:05:16.2368871Z,conn1,23120,10040880,1.49
2026-07-15T02:05:16.2381514Z,conn2,30429,8704000,3.13
2026-07-15T02:05:16.2700213Z,conn2,30429,8772000,0.93
2026-07-15T02:05:16.270718Z,conn1,23120,10108880,0.66
2026-07-15T02:05:16.2718535Z,conn2,30429,8840000,25.56
2026-07-15T02:05:16.2736821Z,conn1,37571,10162429,28.32
2026-07-15T02:05:16.2821067Z,conn2,31294,8908000,3.32
2026-07-15T02:05:16.2967238Z,conn1,37571,10230429,1.56
2026-07-15T02:05:16.3088545Z,conn2,31294,8976000,1.14
2026-07-15T02:05:16.3317299Z,conn1,36706,10299294,1.02
2026-07-15T02:05:16.3328641Z,conn2,47310,9044000,1.94
2026-07-15T02:05:16.355259Z,conn1,36706,10367294,1.52
2026-07-15T02:05:16.3694365Z,conn2,47310,9112000,1.28
2026-07-15T02:05:16.3794142Z,conn1,20690,10451310,0.86
2026-07-15T02:05:16.3889508Z,conn1,20690,10519310,2.07
2026-07-15T02:05:16.3950822Z,conn2,37862,9180000,1.44
2026-07-15T02:05:16.3975405Z,conn1,20690,10587310,2.65
2026-07-15T02:05:16.4099336Z,conn2,37862,9248000,2.43
2026-07-15T02:05:16.4220512Z,conn1,20690,10655310,0.81
2026-07-15T02:05:16.4311982Z,conn2,26648,9316000,1.22
2026-07-15T02:05:16.441355Z,conn1,30138,10713862,1.59
2026-07-15T02:05:16.4482259Z,conn2,26648,9384000,1.54
2026-07-15T02:05:16.470675Z,conn2,26648,9452000,1.16
2026-07-15T02:05:16.4733321Z,conn1,30138,10781862,0.92
2026-07-15T02:05:16.5165904Z,conn1,41352,10838648,0.91
2026-07-15T02:05:16.5246764Z,conn2,39334,9520000,0.70
2026-07-15T02:05:16.5280648Z,conn2,39334,9588000,65.68
2026-07-15T02:05:16.5291888Z,conn1,41352,10906648,3.28
2026-07-15T02:05:16.5897381Z,conn2,43657,9656000,0.68
2026-07-15T02:05:16.5911942Z,conn1,28666,10987334,0.45
2026-07-15T02:05:16.5924081Z,conn2,43657,9724000,37.30
2026-07-15T02:05:16.5935654Z,conn1,24343,11059657,12.83
2026-07-15T02:05:16.5963689Z,conn1,24343,11127657,13.81
2026-07-15T02:05:16.6536464Z,conn2,31910,9792000,0.50
2026-07-15T02:05:16.6702712Z,conn2,43353,9860000,2.49
2026-07-15T02:05:16.6713198Z,conn1,24343,11195657,1.35
2026-07-15T02:05:16.6718557Z,conn1,36090,11251910,64.22
2026-07-15T02:05:16.6991599Z,conn1,36090,11319910,1.29
2026-07-15T02:05:16.7077355Z,conn2,43353,9928000,1.14
2026-07-15T02:05:16.7219261Z,conn2,43353,9996000,2.91
2026-07-15T02:05:16.7467536Z,conn1,36090,11387910,0.73
2026-07-15T02:05:16.7687801Z,conn1,36090,11455910,1.61
2026-07-15T02:05:16.770486Z,conn2,43353,10064000,0.86
2026-07-15T02:05:16.7786846Z,conn1,24647,11535353,2.68
2026-07-15T02:05:16.8827098Z,conn1,24647,11603353,0.23
2026-07-15T02:05:16.8839646Z,conn2,43353,10132000,0.37
2026-07-15T02:05:16.8845504Z,conn1,24647,11671353,40.12
2026-07-15T02:05:16.8862287Z,conn1,24647,11739353,20.81
2026-07-15T02:05:16.8873942Z,conn2,37491,10200000,15.78
2026-07-15T02:05:16.8879525Z,conn1,30509,11801491,50.29
2026-07-15T02:05:16.9054873Z,conn2,37108,10268000,1.96
2026-07-15T02:05:16.9061551Z,conn1,30892,11869108,1.62
2026-07-15T02:05:16.9313086Z,conn2,37108,10336000,1.41
2026-07-15T02:05:16.9521068Z,conn2,28321,10404000,1.34
2026-07-15T02:05:16.9683487Z,conn1,30892,11937108,0.48
2026-07-15T02:05:16.9689036Z,conn2,28321,10472000,1.61
2026-07-15T02:05:16.9827012Z,conn2,28321,10540000,2.04
2026-07-15T02:05:17.002679Z,conn1,30892,12005108,0.88
2026-07-15T02:05:17.0064916Z,conn2,28321,10608000,1.16
2026-07-15T02:05:17.097153Z,conn1,39679,12064321,0.40
2026-07-15T02:05:17.0988613Z,conn1,39679,12132321,0.00
2026-07-15T02:05:17.1498117Z,conn2,28321,10676000,0.30
2026-07-15T02:05:17.1523765Z,conn2,52256,10744000,0.00
2026-07-15T02:05:17.1537259Z,conn1,39679,12200321,0.72
2026-07-15T02:05:17.1549283Z,conn2,52256,10812000,19.53
2026-07-15T02:05:17.156293Z,conn1,15744,12292256,7.59
2026-07-15T02:05:17.1588488Z,conn1,23999,12352001,35.15
2026-07-15T02:05:17.1607624Z,conn1,23999,12420001,40.24
2026-07-15T02:05:17.1620419Z,conn1,23999,12488001,35.34
2026-07-15T02:05:17.220342Z,conn1,23999,12556001,0.39
2026-07-15T02:05:17.2265165Z,conn2,44001,10880000,0.59
2026-07-15T02:05:17.2276417Z,conn2,44001,10948000,75.22
2026-07-15T02:05:17.2404502Z,conn1,35477,12612523,1.73
2026-07-15T02:05:17.2728201Z,conn1,35477,12680523,1.06
2026-07-15T02:05:17.2766805Z,conn2,44001,11016000,0.87
2026-07-15T02:05:17.2835145Z,conn1,35477,12748523,3.34
2026-07-15T02:05:17.3112755Z,conn2,44001,11084000,1.25
2026-07-15T02:05:17.3118734Z,conn1,35477,12816523,1.22
2026-07-15T02:05:17.3149809Z,conn2,34707,11152000,8.93
2026-07-15T02:05:17.3539842Z,conn2,48462,11220000,1.20
2026-07-15T02:05:17.3545463Z,conn1,33293,12886707,0.77
2026-07-15T02:05:17.3571371Z,conn1,33293,12954707,22.07
2026-07-15T02:05:17.3655898Z,conn2,48462,11288000,4.18
2026-07-15T02:05:17.3896637Z,conn1,33293,13022707,0.98
2026-07-15T02:05:17.4418523Z,conn2,48462,11356000,0.97
2026-07-15T02:05:17.4424017Z,conn1,19538,13104462,0.36
2026-07-15T02:05:17.4429728Z,conn2,43086,11424000,71.95
2026-07-15T02:05:17.4435465Z,conn1,19538,13172462,32.48
2026-07-15T02:05:17.4446667Z,conn1,24914,13235086,42.90
2026-07-15T02:05:17.4582997Z,conn1,24914,13303086,1.82
2026-07-15T02:05:17.4638371Z,conn1,24914,13371086,4.78
2026-07-15T02:05:17.4702906Z,conn1,24914,13439086,4.04
2026-07-15T02:05:17.4873023Z,conn2,43086,11492000,0.96
2026-07-15T02:05:17.5053914Z,conn2,33489,11560000,1.82
2026-07-15T02:05:17.5189037Z,conn1,24914,13507086,0.50
2026-07-15T02:05:17.5427017Z,conn2,33489,11628000,0.86
2026-07-15T02:05:17.5512066Z,conn1,34511,13565489,1.04
2026-07-15T02:05:17.5612853Z,conn2,33489,11696000,1.77
2026-07-15T02:05:17.5744971Z,conn1,34511,13633489,1.45
2026-07-15T02:05:17.5750542Z,conn2,27033,11764000,1.97
2026-07-15T02:05:17.5987907Z,conn1,34511,13701489,1.39
2026-07-15T02:05:17.600633Z,conn2,27033,11832000,1.01
2026-07-15T02:05:17.6282582Z,conn1,40967,13763033,1.38
2026-07-15T02:05:17.6328533Z,conn2,51307,11900000,1.55
2026-07-15T02:05:17.65604Z,conn1,40967,13831033,1.44
2026-07-15T02:05:17.6624044Z,conn2,51307,11968000,1.69
2026-07-15T02:05:17.6624044Z,conn1,16693,13923307,3.05
2026-07-15T02:05:17.6646632Z,conn1,16693,13991307,14.35
2026-07-15T02:05:17.6926547Z,conn1,23124,14052876,0.79
2026-07-15T02:05:17.6932308Z,conn2,44876,12036000,1.44
2026-07-15T02:05:17.694388Z,conn1,23124,14120876,37.87
2026-07-15T02:05:17.695505Z,conn2,29868,12104000,24.98
2026-07-15T02:05:17.7011393Z,conn2,29868,12172000,5.06
2026-07-15T02:05:17.7138216Z,conn1,23124,14188876,1.18
2026-07-15T02:05:17.7321488Z,conn2,29868,12240000,0.95
2026-07-15T02:05:17.7327259Z,conn1,38132,14241868,1.98
2026-07-15T02:05:17.7545556Z,conn2,29868,12308000,1.27
2026-07-15T02:05:17.7682662Z,conn1,38132,14309868,1.04
2026-07-15T02:05:17.7693928Z,conn2,32017,12376000,2.14
2026-07-15T02:05:17.7831711Z,conn1,35983,14380017,2.74
2026-07-15T02:05:17.784632Z,conn2,32017,12444000,2.10
2026-07-15T02:05:17.7941992Z,conn1,35983,14448017,3.59
2026-07-15T02:05:17.8312413Z,conn2,40886,12512000,0.86
2026-07-15T02:05:17.8317908Z,conn1,35983,14516017,0.94
2026-07-15T02:05:17.8419353Z,conn2,40886,12580000,3.65
2026-07-15T02:05:17.8437596Z,conn1,27114,14592886,2.26
2026-07-15T02:05:17.8475045Z,conn2,37134,12648000,7.06
2026-07-15T02:05:17.859166Z,conn1,27114,14660886,1.82
2026-07-15T02:05:17.8700966Z,conn1,30866,14725134,2.69
2026-07-15T02:05:17.8741724Z,conn2,37134,12716000,1.36
2026-07-15T02:05:17.8801227Z,conn1,30866,14793134,3.09
2026-07-15T02:05:17.9045257Z,conn2,37134,12784000,1.19
2026-07-15T02:05:17.9050717Z,conn2,27411,12852000,47.88
2026-07-15T02:05:17.90617Z,conn2,27411,12920000,23.80
2026-07-15T02:05:17.9101705Z,conn1,30866,14861134,1.00
2026-07-15T02:05:17.9299818Z,conn2,27411,12988000,1.10
2026-07-15T02:05:17.9329533Z,conn1,30866,14929134,1.32
2026-07-15T02:05:17.9462299Z,conn2,33881,13056000,2.14
2026-07-15T02:05:17.9491907Z,conn1,40589,14987411,2.47
2026-07-15T02:05:17.9701332Z,conn2,33881,13124000,1.35
2026-07-15T02:05:17.9731006Z,conn2,33881,13192000,13.32
2026-07-15T02:05:17.9786865Z,conn1,40589,15055411,1.31
2026-07-15T02:05:17.9814789Z,conn2,33881,13260000,3.86
2026-07-15T02:05:17.9906946Z,conn1,34119,15129881,2.98
2026-07-15T02:05:18.0105203Z,conn1,34119,15197881,1.64
2026-07-15T02:05:18.0276945Z,conn2,33881,13328000,0.72
2026-07-15T02:05:18.028836Z,conn2,48473,13396000,79.79
2026-07-15T02:05:18.0419003Z,conn1,34119,15265881,1.08
2026-07-15T02:05:18.0459Z,conn2,48473,13464000,2.71
2026-07-15T02:05:18.0514056Z,conn1,34119,15333881,3.42
2026-07-15T02:05:18.0599247Z,conn1,19527,15416473,2.33
2026-07-15T02:05:18.0745162Z,conn1,19527,15484473,1.32
2026-07-15T02:05:18.075057Z,conn2,32839,13532000,1.10
2026-07-15T02:05:18.081625Z,conn1,19527,15552473,2.84
2026-07-15T02:05:18.0841048Z,conn2,32839,13600000,3.46
2026-07-15T02:05:18.0949976Z,conn2,32839,13668000,3.21
2026-07-15T02:05:18.1018844Z,conn1,19527,15620473,0.95
2026-07-15T02:05:18.1106533Z,conn2,32839,13736000,2.07
2026-07-15T02:05:18.1155302Z,conn1,35161,15672839,2.56
2026-07-15T02:05:18.1312634Z,conn1,35161,15740839,2.29
2026-07-15T02:05:18.1409102Z,conn2,32839,13804000,1.05
2026-07-15T02:05:18.1521121Z,conn2,40697,13872000,3.46
2026-07-15T02:05:18.1553815Z,conn1,35161,15808839,1.46
2026-07-15T02:05:18.1629006Z,conn1,27303,15884697,9.33
2026-07-15T02:05:18.1634611Z,conn2,40697,13940000,3.60
2026-07-15T02:05:18.1818056Z,conn2,39681,14008000,2.06
2026-07-15T02:05:18.1829339Z,conn1,27303,15952697,1.34
2026-07-15T02:05:18.2050862Z,conn2,39681,14076000,1.67
2026-07-15T02:05:18.2057597Z,conn1,27303,16020697,1.18
2026-07-15T02:05:18.2272641Z,conn1,27303,16088697,1.21
2026-07-15T02:05:18.2278179Z,conn2,39681,14144000,1.72
2026-07-15T02:05:18.2294597Z,conn1,28319,16155681,16.45
2026-07-15T02:05:18.242711Z,conn2,36665,14212000,2.35
2026-07-15T02:05:18.2438249Z,conn1,28319,16223681,1.96
2026-07-15T02:05:18.2572817Z,conn1,28319,16291681,2.01
2026-07-15T02:05:18.2623032Z,conn2,36665,14280000,1.84
2026-07-15T02:05:18.2755994Z,conn2,40282,14348000,3.02
2026-07-15T02:05:18.2779312Z,conn1,31335,16356665,1.49
2026-07-15T02:05:18.2936796Z,conn2,40282,14416000,2.19
2026-07-15T02:05:18.30259Z,conn1,31335,16424665,1.25
2026-07-15T02:05:18.3156843Z,conn2,40282,14484000,1.89
2026-07-15T02:05:18.3162646Z,conn1,27718,16496282,2.11
2026-07-15T02:05:18.3246547Z,conn1,27718,16564282,3.15
2026-07-15T02:05:18.325919Z,conn2,34113,14552000,3.41
2026-07-15T02:05:18.3311442Z,conn2,34113,14620000,6.94
2026-07-15T02:05:18.3866903Z,conn2,34113,14688000,23.22
2026-07-15T02:05:18.3878365Z,conn1,27718,16632282,0.42
2026-07-15T02:05:18.4377579Z,conn1,27718,16700282,0.54
2026-07-15T02:05:18.4383049Z,conn2,34113,14756000,0.68
2026-07-15T02:05:18.4389352Z,conn1,33887,16762113,27.45
2026-07-15T02:05:18.4394873Z,conn2,34113,14824000,27.51
2026-07-15T02:05:18.4400212Z,conn1,33887,16830113,29.76
2026-07-15T02:05:18.4400212Z,conn2,38247,14892000,68.32
2026-07-15T02:05:18.441134Z,conn1,33887,16898113,0.00
2026-07-15T02:05:18.4427508Z,conn2,38247,14960000,22.27
2026-07-15T02:05:18.4493115Z,conn2,38247,15028000,6.05
2026-07-15T02:05:18.4646925Z,conn1,29753,16970247,1.23
2026-07-15T02:05:18.483316Z,conn2,38247,15096000,1.09
2026-07-15T02:05:18.4876528Z,conn1,29753,17038247,1.52
2026-07-15T02:05:18.4881988Z,conn1,29753,17106247,51.97
2026-07-15T02:05:18.4899862Z,conn2,38247,15164000,5.97
2026-07-15T02:05:18.5097686Z,conn2,48354,15232000,2.48
2026-07-15T02:05:18.5282771Z,conn1,29753,17174247,0.72
2026-07-15T02:05:18.5288319Z,conn1,19646,17252354,33.77
2026-07-15T02:05:18.5310375Z,conn2,48354,15300000,2.17
2026-07-15T02:05:18.5326037Z,conn1,19646,17320354,5.80
2026-07-15T02:05:18.5437162Z,conn1,19646,17388354,1.97
2026-07-15T02:05:18.5442753Z,conn2,36368,15368000,2.62
2026-07-15T02:05:18.5572657Z,conn1,19646,17456354,1.38
2026-07-15T02:05:18.5628077Z,conn1,19646,17524354,3.77
2026-07-15T02:05:18.5719849Z,conn2,36368,15436000,1.30
2026-07-15T02:05:18.5822542Z,conn1,31632,17580368,1.55
2026-07-15T02:05:18.5898387Z,conn2,46050,15504000,2.46
2026-07-15T02:05:18.597746Z,conn2,46050,15572000,5.55
2026-07-15T02:05:18.6203001Z,conn1,31632,17648368,0.79
2026-07-15T02:05:18.6214161Z,conn1,21950,17726050,38.19
2026-07-15T02:05:18.6252954Z,conn2,46050,15640000,1.63
2026-07-15T02:05:18.6273358Z,conn1,21950,17794050,3.90
2026-07-15T02:05:18.6371147Z,conn2,27084,15708000,2.30
2026-07-15T02:05:18.6433287Z,conn1,21950,17862050,1.43
2026-07-15T02:05:18.6653397Z,conn2,27084,15776000,0.93
2026-07-15T02:05:18.6664894Z,conn1,21950,17930050,0.93
2026-07-15T02:05:18.6713741Z,conn1,21950,17998050,5.79
2026-07-15T02:05:18.6736188Z,conn2,27084,15844000,3.62
2026-07-15T02:05:18.6888112Z,conn2,54564,15912000,3.43
2026-07-15T02:05:18.7298649Z,conn1,40916,18047084,0.67
2026-07-15T02:05:18.7485127Z,conn1,13436,18142564,0.69
2026-07-15T02:05:18.7508877Z,conn2,54564,15980000,0.85
2026-07-15T02:05:18.75554Z,conn1,13436,18210564,2.03
2026-07-15T02:05:18.7621336Z,conn1,13436,18278564,2.12
2026-07-15T02:05:18.7645013Z,conn2,29147,16048000,2.04
2026-07-15T02:05:18.7868302Z,conn2,29147,16116000,1.24
2026-07-15T02:05:18.7874064Z,conn1,13436,18346564,0.53
2026-07-15T02:05:18.7879613Z,conn1,13436,18414564,0.00
2026-07-15T02:05:18.7885207Z,conn1,13436,18482564,22.91
2026-07-15T02:05:18.7981703Z,conn1,38853,18525147,4.06
2026-07-15T02:05:18.8061756Z,conn2,29147,16184000,1.48
2026-07-15T02:05:18.8309063Z,conn2,48441,16252000,1.96
2026-07-15T02:05:18.8540114Z,conn1,38853,18593147,0.73
2026-07-15T02:05:18.8568271Z,conn1,19559,18680441,10.77
2026-07-15T02:05:18.8612413Z,conn2,48441,16320000,1.52
2026-07-15T02:05:18.867909Z,conn1,19559,18748441,1.73
2026-07-15T02:05:18.8776951Z,conn2,34512,16388000,2.07
2026-07-15T02:05:18.8841853Z,conn1,19559,18816441,1.19
2026-07-15T02:05:18.8939998Z,conn2,34512,16456000,2.09
2026-07-15T02:05:18.902407Z,conn1,33488,18870512,1.81
2026-07-15T02:05:18.9125244Z,conn2,34512,16524000,1.83
2026-07-15T02:05:18.9136114Z,conn1,33488,18938512,2.99
2026-07-15T02:05:18.9260254Z,conn2,39043,16592000,2.88
2026-07-15T02:05:18.9394482Z,conn2,39043,16660000,2.90
2026-07-15T02:05:18.942462Z,conn1,33488,19006512,1.13
2026-07-15T02:05:18.9531885Z,conn1,28957,19079043,2.57
2026-07-15T02:05:18.9591168Z,conn2,39043,16728000,2.00
2026-07-15T02:05:18.987