timestamp,direction,file_offset,block_offset,block_size,server_block_size,server_file_offset
2026-07-15T02:05:12.6978703Z,sent,0,0,68000,34000,0
2026-07-15T02:05:12.7373194Z,sent,0,0,68000,34000,0
2026-07-15T02:05:12.7764491Z,sent,0,0,68000,34000,0
2026-07-15T02:05:12.8168111Z,sent,34000,0,68000,67185,34000
2026-07-15T02:05:12.8579011Z,sent,68000,0,68000,34000,68000
2026-07-15T02:05:12.8979997Z,sent,102000,0,68000,34000,102000
2026-07-15T02:05:12.938694Z,sent,102000,0,68000,34000,102000
2026-07-15T02:05:12.9786584Z,sent,169185,0,68000,45150,169185
2026-07-15T02:05:13.0197335Z,sent,237185,0,68000,45333,237185
2026-07-15T02:05:13.0607699Z,sent,271185,0,68000,34000,271185
2026-07-15T02:05:13.1029598Z,sent,316335,0,68000,38789,316335
2026-07-15T02:05:13.1435395Z,sent,395668,0,68000,43209,395668
2026-07-15T02:05:13.185928Z,sent,429668,0,68000,40799,429668
2026-07-15T02:05:13.2268959Z,sent,468457,0,68000,25859,468457
2026-07-15T02:05:13.2673872Z,sent,511666,0,68000,43209,511666
2026-07-15T02:05:13.3080106Z,sent,578324,0,68000,49565,578324
2026-07-15T02:05:13.3487245Z,sent,604183,0,68000,33140,604183
2026-07-15T02:05:13.388216Z,sent,647392,0,68000,34425,647392
2026-07-15T02:05:13.4309568Z,sent,696957,0,68000,36322,696957
2026-07-15T02:05:13.474696Z,sent,730097,0,68000,26071,730097
2026-07-15T02:05:13.5169278Z,sent,798947,0,68000,45709,798947
2026-07-15T02:05:13.5589186Z,sent,835269,0,68000,36322,835269
2026-07-15T02:05:13.6017963Z,sent,861340,0,68000,30698,861340
2026-07-15T02:05:13.6435648Z,sent,943371,0,68000,38140,943371
2026-07-15T02:05:13.6859585Z,sent,979693,0,68000,36322,979693
2026-07-15T02:05:13.7273832Z,sent,1048531,0,68000,46569,1048531
2026-07-15T02:05:13.7679592Z,sent,1086671,0,68000,34377,1086671
2026-07-15T02:05:13.8098522Z,sent,1122993,0,68000,25239,1122993
2026-07-15T02:05:13.8513677Z,sent,1203939,0,68000,53765,1203939
2026-07-15T02:05:13.8926219Z,sent,1238316,0,68000,34377,1238316
2026-07-15T02:05:13.9326178Z,sent,1288794,0,68000,40814,1288794
2026-07-15T02:05:13.9715592Z,sent,1342559,0,68000,33008,1342559
2026-07-15T02:05:14.0110047Z,sent,1376936,0,68000,28426,1376936
2026-07-15T02:05:14.0513422Z,sent,1376936,0,68000,985,1376936
2026-07-15T02:05:14.089943Z,sent,1417750,0,68000,26947,1417750
2026-07-15T02:05:14.1320656Z,sent,1447161,0,68000,67018,1447161
2026-07-15T02:05:14.1736802Z,sent,1475093,0,68000,28136,1475093
2026-07-15T02:05:14.2168943Z,sent,1502040,0,68000,19501,1502040
2026-07-15T02:05:14.2607446Z,sent,1569058,0,68000,36241,1569058
2026-07-15T02:05:14.3133752Z,sent,1597194,0,68000,25222,1597194
2026-07-15T02:05:14.3550642Z,sent,1616695,0,68000,22337,1616695
2026-07-15T02:05:14.3984563Z,sent,1616695,0,68000,611,1616695
2026-07-15T02:05:14.4427306Z,sent,1675273,0,68000,29923,1675273
2026-07-15T02:05:14.4846951Z,sent,1698832,0,68000,23143,1698832
2026-07-15T02:05:14.5271153Z,sent,1699443,0,68000,40058,1699443
2026-07-15T02:05:14.56917Z,sent,1752509,0,68000,22761,1752509
2026-07-15T02:05:14.6101603Z,sent,1775652,0,68000,23142,1775652
2026-07-15T02:05:14.6507134Z,sent,1838471,0,68000,39671,1838471
2026-07-15T02:05:14.6900647Z,sent,1884374,0,68000,42269,1884374
2026-07-15T02:05:14.7293854Z,sent,1907516,0,68000,13896,1907516
2026-07-15T02:05:14.7685918Z,sent,1947187,0,68000,31913,1947187
2026-07-15T02:05:14.8081435Z,sent,2017248,0,68000,48421,2017248
2026-07-15T02:05:14.8473091Z,sent,2031144,0,68000,23845,2031144
2026-07-15T02:05:14.8859627Z,sent,2063057,0,68000,25228,2063057
2026-07-15T02:05:14.9256151Z,sent,2111478,0,68000,27303,2111478
2026-07-15T02:05:14.9651738Z,sent,2208972,0,68000,56627,2208972
2026-07-15T02:05:15.0046497Z,sent,2261503,0,68000,25614,2261503
2026-07-15T02:05:15.0444633Z,sent,2288806,0,68000,26494,2288806
2026-07-15T02:05:15.0845718Z,sent,2371047,0,68000,22420,2371047
2026-07-15T02:05:15.1239661Z,sent,2422275,0,68000,55646,2422275
2026-07-15T02:05:15.1658835Z,sent,2497683,0,68000,43531,2497683
2026-07-15T02:05:15.2078298Z,sent,2520103,0,68000,23848,2520103
2026-07-15T02:05:15.2511819Z,sent,2631395,0,68000,41677,2631395
2026-07-15T02:05:15.3027841Z,sent,2722622,0,68000,35050,2722622
2026-07-15T02:05:15.348461Z,sent,2764299,0,68000,33019,2764299
2026-07-15T02:05:15.3903399Z,sent,2841026,0,68000,50630,2841026
2026-07-15T02:05:15.4385168Z,sent,2909095,0,68000,30121,2909095
2026-07-15T02:05:15.4800097Z,sent,2942114,0,68000,34035,2942114
2026-07-15T02:05:15.536733Z,sent,3052986,0,68000,38084,3052986
2026-07-15T02:05:15.5796678Z,sent,3117142,0,68000,31180,3117142
2026-07-15T02:05:15.6223576Z,sent,3185212,0,68000,45364,3185212
2026-07-15T02:05:15.664511Z,sent,3185212,0,68000,310,3185212
2026-07-15T02:05:15.7077014Z,sent,3223296,0,68000,34573,3223296
2026-07-15T02:05:15.7492751Z,sent,3270210,0,68000,27783,3270210
2026-07-15T02:05:15.7911044Z,sent,3339356,0,68000,51229,3339356
2026-07-15T02:05:15.8333042Z,sent,3401712,0,68000,25938,3401712
2026-07-15T02:05:15.8828356Z,sent,3480724,0,68000,31711,3480724
2026-07-15T02:05:15.9247323Z,sent,3583829,0,68000,45699,3583829
2026-07-15T02:05:15.9661561Z,sent,3641478,0,68000,39314,3641478
2026-07-15T02:05:16.0084717Z,sent,3704900,0,68000,40884,3704900
2026-07-15T02:05:16.053674Z,sent,3750599,0,68000,26273,3750599
2026-07-15T02:05:16.1040606Z,sent,3837182,0,68000,44880,3837182
2026-07-15T02:05:16.1517963Z,sent,3904339,0,68000,30429,3904339
2026-07-15T02:05:16.2080936Z,sent,3975492,0,68000,31294,3975492
2026-07-15T02:05:16.255547Z,sent,4081230,0,68000,47310,4081230
2026-07-15T02:05:16.3144545Z,sent,4204676,0,68000,37862,4204676
2026-07-15T02:05:16.3600575Z,sent,4251986,0,68000,26648,4251986
2026-07-15T02:05:16.4044949Z,sent,4337158,0,68000,39334,4337158
2026-07-15T02:05:16.4493149Z,sent,4428316,0,68000,43657,4428316
2026-07-15T02:05:16.5165904Z,sent,4454964,0,68000,31910,4454964
2026-07-15T02:05:16.5958243Z,sent,4620946,0,68000,43353,4620946
2026-07-15T02:05:16.7134859Z,sent,4739562,0,68000,37491,4739562
2026-07-15T02:05:16.757762Z,sent,4782915,0,68000,37108,4782915
2026-07-15T02:05:16.8856566Z,sent,4869621,0,68000,28321,4869621
2026-07-15T02:05:16.95317Z,sent,5009649,0,68000,52256,5009649
2026-07-15T02:05:16.9991537Z,sent,5066291,0,68000,44001,5066291
2026-07-15T02:05:17.0721356Z,sent,5094612,0,68000,32523,5094612
2026-07-15T02:05:17.2197501Z,sent,5227445,0,68000,34707,5227445
2026-07-15T02:05:17.2717014Z,sent,5315447,0,68000,48462,5315447
2026-07-15T02:05:17.3213824Z,sent,5438156,0,68000,43086,5438156
2026-07-15T02:05:17.3986055Z,sent,5535080,0,68000,33489,5535080
2026-07-15T02:05:17.4786238Z,sent,5626628,0,68000,27033,5626628
2026-07-15T02:05:17.5252955Z,sent,5703203,0,68000,51307,5703203
2026-07-15T02:05:17.5722215Z,sent,5770181,0,68000,44876,5770181
2026-07-15T02:05:17.6188992Z,sent,5824247,0,68000,29868,5824247
2026-07-15T02:05:17.6724477Z,sent,5926861,0,68000,32017,5926861
2026-07-15T02:05:17.7223071Z,sent,6031473,0,68000,40886,6031473
2026-07-15T02:05:17.7724245Z,sent,6123226,0,68000,37134,6123226
2026-07-15T02:05:17.8328973Z,sent,6196129,0,68000,27411,6196129
2026-07-15T02:05:17.8870985Z,sent,6311283,0,68000,33881,6311283
2026-07-15T02:05:17.9480559Z,sent,6464531,0,68000,48473,6464531
2026-07-15T02:05:18.0116717Z,sent,6566174,0,68000,32839,6566174
2026-07-15T02:05:18.069538Z,sent,6697001,0,68000,40697,6697001
2026-07-15T02:05:18.1166541Z,sent,6828357,0,68000,39681,6828357
2026-07-15T02:05:18.1639866Z,sent,6942590,0,68000,36665,6942590
2026-07-15T02:05:18.2093693Z,sent,7021952,0,68000,40282,7021952
2026-07-15T02:05:18.2650417Z,sent,7134963,0,68000,34113,7134963
2026-07-15T02:05:18.3151302Z,sent,7215527,0,68000,38247,7215527
2026-07-15T02:05:18.3878365Z,sent,7324035,0,68000,48354,7324035
2026-07-15T02:05:18.4749979Z,sent,7541115,0,68000,36368,7541115
2026-07-15T02:05:18.5193231Z,sent,7665963,0,68000,46050,7665963
2026-07-15T02:05:18.5649919Z,sent,7750685,0,68000,27084,7750685
2026-07-15T02:05:18.6078359Z,sent,7879153,0,68000,54564,7879153
2026-07-15T02:05:18.657262Z,sent,7952287,0,68000,29147,7952287
2026-07-15T02:05:18.705091Z,sent,8061019,0,68000,48441,8061019
2026-07-15T02:05:18.7662054Z,sent,8144730,0,68000,34512,8144730
2026-07-15T02:05:18.8398874Z,sent,8251465,0,68000,39043,8251465
2026-07-15T02:05:18.9043109Z,sent,8368930,0,68000,32145,8368930
2026-07-15T02:0